[10Sep2026 22:44:46.043] [main/INFO] [cpw.mods.modlauncher.Launcher/MODLAUNCHER]: ModLauncher running: args [--username, Zerus, --version, 1.18.2, --gameDir, C:/Users/Admin/AppData/Roaming/PrismLauncher/instances/1.18.2/minecraft, --assetsDir, C:/Users/Admin/AppData/Roaming/PrismLauncher/assets, --assetIndex, 1.18, --uuid, 7b93f8db4c8a3fbc8fddda91a3a0f02e, --accessToken, ????????, --userType, offline, --versionType, release, --launchTarget, forgeclient, --fml.forgeVersion, 40.3.0, --fml.mcVersion, 1.18.2, --fml.forgeGroup, net.minecraftforge, --fml.mcpVersion, 20220404.173914, --width, 854, --height, 480]
[10Sep2026 22:44:46.046] [main/INFO] [cpw.mods.modlauncher.Launcher/MODLAUNCHER]: ModLauncher 9.1.3+9.1.3+main.9b69c82a starting: java version 17.0.15 by Microsoft
[10Sep2026 22:44:46.171] [main/INFO] [mixin/]: SpongePowered MIXIN Subsystem Version=0.8.5 Source=union:/C:/Users/Admin/AppData/Roaming/PrismLauncher/libraries/org/spongepowered/mixin/0.8.5/mixin-0.8.5.jar%2348!/ Service=ModLauncher Env=CLIENT
[10Sep2026 22:44:46.372] [main/WARN] [net.minecraftforge.fml.loading.moddiscovery.ModFileParser/LOADING]: Mod file C:\Users\Admin\AppData\Roaming\PrismLauncher\libraries\net\minecraftforge\fmlcore\1.18.2-40.3.0\fmlcore-1.18.2-40.3.0.jar is missing mods.toml file
[10Sep2026 22:44:46.422] [main/WARN] [net.minecraftforge.fml.loading.moddiscovery.ModFileParser/LOADING]: Mod file C:\Users\Admin\AppData\Roaming\PrismLauncher\libraries\net\minecraftforge\javafmllanguage\1.18.2-40.3.0\javafmllanguage-1.18.2-40.3.0.jar is missing mods.toml file
[10Sep2026 22:44:46.453] [main/WARN] [net.minecraftforge.fml.loading.moddiscovery.ModFileParser/LOADING]: Mod file C:\Users\Admin\AppData\Roaming\PrismLauncher\libraries\net\minecraftforge\lowcodelanguage\1.18.2-40.3.0\lowcodelanguage-1.18.2-40.3.0.jar is missing mods.toml file
[10Sep2026 22:44:46.484] [main/WARN] [net.minecraftforge.fml.loading.moddiscovery.ModFileParser/LOADING]: Mod file C:\Users\Admin\AppData\Roaming\PrismLauncher\libraries\net\minecraftforge\mclanguage\1.18.2-40.3.0\mclanguage-1.18.2-40.3.0.jar is missing mods.toml file
[10Sep2026 22:44:46.546] [main/INFO] [net.minecraftforge.fml.loading.moddiscovery.JarInJarDependencyLocator/]: No dependencies to load found. Skipping!
[10Sep2026 22:44:47.278] [main/INFO] [mixin/]: Compatibility level set to JAVA_17
[10Sep2026 22:44:47.292] [main/INFO] [cpw.mods.modlauncher.LaunchServiceHandler/MODLAUNCHER]: Launching target 'forgeclient' with arguments [--version, 1.18.2, --gameDir, C:\Users\Admin\AppData\Roaming\PrismLauncher\instances\1.18.2\minecraft, --assetsDir, C:\Users\Admin\AppData\Roaming\PrismLauncher\assets, --uuid, 7b93f8db4c8a3fbc8fddda91a3a0f02e, --username, Zerus, --assetIndex, 1.18, --accessToken, ????????, --userType, offline, --versionType, release, --width, 854, --height, 480]
[10Sep2026 22:44:47.329] [main/INFO] [Rubidium/]: Trying to switch memory allocators to work around memory leaks present with Jemalloc 5.0.0 through 5.2.0 on Windows
[10Sep2026 22:44:47.336] [main/INFO] [Embeddium/]: Loaded configuration file for Embeddium: 37 options available, 1 override(s) found
[10Sep2026 22:44:47.668] [main/WARN] [Embeddium/]: Force-disabling mixin 'features.sky.MixinWorldRenderer' as rule 'mixin.features.sky' (added by mods [oculus]) disables it and children
[10Sep2026 22:44:51.526] [main/WARN] [net.minecraft.client.main.Main/]: Unrecognized user type: offline
[10Sep2026 22:44:52.201] [Render thread/WARN] [net.minecraft.server.packs.VanillaPackResources/]: Assets URL 'union:/C:/Users/Admin/AppData/Roaming/PrismLauncher/libraries/net/minecraft/client/1.18.2-20220404.173914/client-1.18.2-20220404.173914-srg.jar%2359!/assets/.mcassetsroot' uses unexpected schema
[10Sep2026 22:44:52.201] [Render thread/WARN] [net.minecraft.server.packs.VanillaPackResources/]: Assets URL 'union:/C:/Users/Admin/AppData/Roaming/PrismLauncher/libraries/net/minecraft/client/1.18.2-20220404.173914/client-1.18.2-20220404.173914-srg.jar%2359!/data/.mcassetsroot' uses unexpected schema
[10Sep2026 22:44:52.212] [Render thread/INFO] [com.mojang.authlib.yggdrasil.YggdrasilAuthenticationService/]: Environment: authHost='https://nope.invalid', accountsHost='https://nope.invalid', sessionHost='https://nope.invalid', servicesHost='https://nope.invalid', name='properties'
[10Sep2026 22:44:52.217] [Render thread/INFO] [net.minecraft.client.Minecraft/]: Setting user: Zerus
[10Sep2026 22:44:52.361] [Render thread/INFO] [net.minecraft.client.Minecraft/]: Backend library: LWJGL version 3.2.2 SNAPSHOT
[10Sep2026 22:44:54.867] [Render thread/INFO] [Oculus/]: Debug functionality is disabled.
[10Sep2026 22:44:54.904] [Render thread/INFO] [Oculus/]: ARB_direct_state_access detected, enabling DSA.
[10Sep2026 22:44:55.495] [Render thread/INFO] [Oculus/]: Profile: MEDIUM (+0 options changed by user)
[10Sep2026 22:44:55.628] [Render thread/INFO] [Oculus/]: Using shaderpack: HeliosPT_0.5.zip
[10Sep2026 22:44:55.849] [modloading-worker-0/INFO] [net.minecraftforge.common.ForgeMod/FORGEMOD]: Forge mod loading, version 40.3.0, for MC 1.18.2 with MCP 20220404.173914
[10Sep2026 22:44:55.849] [modloading-worker-0/INFO] [net.minecraftforge.common.MinecraftForge/FORGE]: MinecraftForge v40.3.0 Initialized
[10Sep2026 22:44:57.004] [Render thread/INFO] [Oculus/]: Hardware information:
[10Sep2026 22:44:57.005] [Render thread/INFO] [Oculus/]: CPU: 12x AMD Ryzen 5 5600X 6-Core Processor 
[10Sep2026 22:44:57.005] [Render thread/INFO] [Oculus/]: GPU: NVIDIA GeForce GTX 1080/PCIe/SSE2 (Supports OpenGL 3.2.0 NVIDIA 581.80)
[10Sep2026 22:44:57.005] [Render thread/INFO] [Oculus/]: OS: Windows 10 (10.0)
[10Sep2026 22:44:57.577] [Render thread/INFO] [com.mojang.text2speech.NarratorWindows/]: Narrator library for x64 successfully loaded
[10Sep2026 22:44:58.026] [Render thread/INFO] [GameRenderer/]: Starting up renderer (forge)
[10Sep2026 22:44:58.029] [Render thread/WARN] [GameRenderer/]: Dependency setup is not done yet, skipping renderer this startup event!
[10Sep2026 22:44:58.041] [Render thread/INFO] [net.minecraft.server.packs.resources.ReloadableResourceManager/]: Reloading ResourceManager: Default, xalisbushyleavesv3.5.0.zip, Mod Resources
[10Sep2026 22:44:58.694] [Worker-Main-21/INFO] [DistantHorizons-AbstractModInitializer/]: Initializing Distant Horizons
[10Sep2026 22:44:58.724] [Worker-Main-21/INFO] [DistantHorizons-Initializer/]: Java.awt.headless set to true. Distant Horizons can correctly display error and info dialog windows.
[10Sep2026 22:44:58.733] [Worker-Main-21/INFO] [DistantHorizons-AbstractModInitializer/]: Distant Horizons, Version: 2.1.2-a
[10Sep2026 22:44:58.735] [Worker-Main-21/WARN] [com.seibel.distanthorizons.core.jar.JarUtils/]: Unable to get the jar file, trying backup method... Error: URI scheme is not "file"
java.lang.IllegalArgumentException: URI scheme is not "file"
	at java.io.File.<init>(File.java:423) ~[?:?]
	at com.seibel.distanthorizons.core.jar.JarUtils.<clinit>(JarUtils.java:53) ~[DistantHorizons-2.1.2-a-1.18.2-forge-fabric.jar%2355!/:?]
	at com.seibel.distanthorizons.core.jar.ModJarInfo.<clinit>(ModJarInfo.java:48) ~[DistantHorizons-2.1.2-a-1.18.2-forge-fabric.jar%2355!/:?]
	at loaderCommon.forge.com.seibel.distanthorizons.common.AbstractModInitializer.printModInfo(AbstractModInitializer.java:140) ~[DistantHorizons-2.1.2-a-1.18.2-forge-fabric.jar%2355!/:?]
	at loaderCommon.forge.com.seibel.distanthorizons.common.AbstractModInitializer.onInitializeClient(AbstractModInitializer.java:70) ~[DistantHorizons-2.1.2-a-1.18.2-forge-fabric.jar%2355!/:?]
	at com.seibel.distanthorizons.forge.ForgeMain.lambda$new$0(ForgeMain.java:79) ~[DistantHorizons-2.1.2-a-1.18.2-forge-fabric.jar%2355!/:?]
	at net.minecraftforge.eventbus.EventBus.doCastFilter(EventBus.java:247) ~[eventbus-5.0.3.jar%2336!/:?]
	at net.minecraftforge.eventbus.EventBus.lambda$addListener$11(EventBus.java:239) ~[eventbus-5.0.3.jar%2336!/:?]
	at net.minecraftforge.eventbus.EventBus.post(EventBus.java:302) ~[eventbus-5.0.3.jar%2336!/:?]
	at net.minecraftforge.eventbus.EventBus.post(EventBus.java:283) ~[eventbus-5.0.3.jar%2336!/:?]
	at net.minecraftforge.fml.javafmlmod.FMLModContainer.acceptEvent(FMLModContainer.java:106) ~[javafmllanguage-1.18.2-40.3.0.jar%2361!/:?]
	at net.minecraftforge.fml.ModContainer.lambda$buildTransitionHandler$4(ModContainer.java:123) ~[fmlcore-1.18.2-40.3.0.jar%2360!/:?]
	at java.util.concurrent.CompletableFuture$AsyncRun.run(CompletableFuture.java:1804) [?:?]
	at java.util.concurrent.CompletableFuture$AsyncRun.exec(CompletableFuture.java:1796) [?:?]
	at java.util.concurrent.ForkJoinTask.doExec(ForkJoinTask.java:373) [?:?]
	at java.util.concurrent.ForkJoinPool$WorkQueue.topLevelExec(ForkJoinPool.java:1182) [?:?]
	at java.util.concurrent.ForkJoinPool.scan(ForkJoinPool.java:1655) [?:?]
	at java.util.concurrent.ForkJoinPool.runWorker(ForkJoinPool.java:1622) [?:?]
	at java.util.concurrent.ForkJoinWorkerThread.run(ForkJoinWorkerThread.java:165) [?:?]
[10Sep2026 22:44:58.780] [Worker-Main-21/INFO] [DistantHorizons-AbstractModInitializer/]: DH Branch: main
[10Sep2026 22:44:58.780] [Worker-Main-21/INFO] [DistantHorizons-AbstractModInitializer/]: DH Commit: 095fff96ff360513ae486764ec5942f778b50300
[10Sep2026 22:44:58.780] [Worker-Main-21/INFO] [DistantHorizons-AbstractModInitializer/]: DH Jar Build Source: User
[10Sep2026 22:44:58.784] [Forge Version Check/INFO] [net.minecraftforge.fml.VersionChecker/]: [forge] Starting version check at https://files.minecraftforge.net/net/minecraftforge/forge/promotions_slim.json
[10Sep2026 22:44:58.822] [Worker-Main-21/INFO] [DistantHorizons-AbstractModInitializer/]: Distant Horizons Initialized
[10Sep2026 22:44:58.824] [Worker-Main-21/INFO] [ConfigBase, distanthorizons/]: Initialising config for DistantHorizons
[10Sep2026 22:44:58.885] [Forge Version Check/WARN] [net.minecraftforge.fml.VersionChecker/]: Failed to process update information
java.net.ConnectException: null
	at jdk.internal.net.http.HttpClientImpl.send(HttpClientImpl.java:574) ~[java.net.http:?]
	at jdk.internal.net.http.HttpClientFacade.send(HttpClientFacade.java:123) ~[java.net.http:?]
	at net.minecraftforge.fml.VersionChecker$1.openUrlString(VersionChecker.java:139) ~[fmlcore-1.18.2-40.3.0.jar%2360!/:?]
	at net.minecraftforge.fml.VersionChecker$1.process(VersionChecker.java:177) ~[fmlcore-1.18.2-40.3.0.jar%2360!/:?]
	at java.lang.Iterable.forEach(Iterable.java:75) [?:?]
	at net.minecraftforge.fml.VersionChecker$1.run(VersionChecker.java:114) [fmlcore-1.18.2-40.3.0.jar%2360!/:?]
Caused by: java.net.ConnectException
	at jdk.internal.net.http.common.Utils.toConnectException(Utils.java:1083) ~[java.net.http:?]
	at jdk.internal.net.http.PlainHttpConnection.connectAsync(PlainHttpConnection.java:198) ~[java.net.http:?]
	at jdk.internal.net.http.AsyncSSLConnection.connectAsync(AsyncSSLConnection.java:56) ~[java.net.http:?]
	at jdk.internal.net.http.Http2Connection.createAsync(Http2Connection.java:443) ~[java.net.http:?]
	at jdk.internal.net.http.Http2ClientImpl.getConnectionFor(Http2ClientImpl.java:131) ~[java.net.http:?]
	at jdk.internal.net.http.ExchangeImpl.get(ExchangeImpl.java:93) ~[java.net.http:?]
	at jdk.internal.net.http.Exchange.establishExchange(Exchange.java:349) ~[java.net.http:?]
	at jdk.internal.net.http.Exchange.responseAsyncImpl0(Exchange.java:542) ~[java.net.http:?]
	at jdk.internal.net.http.Exchange.responseAsyncImpl(Exchange.java:386) ~[java.net.http:?]
	at jdk.internal.net.http.Exchange.responseAsync(Exchange.java:378) ~[java.net.http:?]
	at jdk.internal.net.http.MultiExchange.responseAsyncImpl(MultiExchange.java:408) ~[java.net.http:?]
	at jdk.internal.net.http.MultiExchange.lambda$responseAsyncImpl$7(MultiExchange.java:449) ~[java.net.http:?]
	at java.util.concurrent.CompletableFuture.uniHandle(CompletableFuture.java:934) ~[?:?]
	at java.util.concurrent.CompletableFuture.uniHandleStage(CompletableFuture.java:950) ~[?:?]
	at java.util.concurrent.CompletableFuture.handle(CompletableFuture.java:2340) ~[?:?]
	at jdk.internal.net.http.MultiExchange.responseAsyncImpl(MultiExchange.java:439) ~[java.net.http:?]
	at jdk.internal.net.http.MultiExchange.lambda$responseAsync0$2(MultiExchange.java:341) ~[java.net.http:?]
	at java.util.concurrent.CompletableFuture$UniCompose.tryFire(CompletableFuture.java:1150) ~[?:?]
	at java.util.concurrent.CompletableFuture.postComplete(CompletableFuture.java:510) ~[?:?]
	at java.util.concurrent.CompletableFuture$AsyncSupply.run(CompletableFuture.java:1773) ~[?:?]
	at jdk.internal.net.http.HttpClientImpl$DelegatingExecutor.execute(HttpClientImpl.java:158) ~[java.net.http:?]
	at java.util.concurrent.CompletableFuture.completeAsync(CompletableFuture.java:2673) ~[?:?]
	at jdk.internal.net.http.MultiExchange.responseAsync(MultiExchange.java:294) ~[java.net.http:?]
	at jdk.internal.net.http.HttpClientImpl.sendAsync(HttpClientImpl.java:659) ~[java.net.http:?]
	at jdk.internal.net.http.HttpClientImpl.send(HttpClientImpl.java:553) ~[java.net.http:?]
	... 5 more
Caused by: java.nio.channels.UnresolvedAddressException
	at sun.nio.ch.Net.checkAddress(Net.java:149) ~[?:?]
	at sun.nio.ch.Net.checkAddress(Net.java:157) ~[?:?]
	at sun.nio.ch.SocketChannelImpl.checkRemote(SocketChannelImpl.java:816) ~[?:?]
	at sun.nio.ch.SocketChannelImpl.connect(SocketChannelImpl.java:839) ~[?:?]
	at jdk.internal.net.http.PlainHttpConnection.lambda$connectAsync$0(PlainHttpConnection.java:183) ~[java.net.http:?]
	at java.security.AccessController.doPrivileged(AccessController.java:569) ~[?:?]
	at jdk.internal.net.http.PlainHttpConnection.connectAsync(PlainHttpConnection.java:185) ~[java.net.http:?]
	at jdk.internal.net.http.AsyncSSLConnection.connectAsync(AsyncSSLConnection.java:56) ~[java.net.http:?]
	at jdk.internal.net.http.Http2Connection.createAsync(Http2Connection.java:443) ~[java.net.http:?]
	at jdk.internal.net.http.Http2ClientImpl.getConnectionFor(Http2ClientImpl.java:131) ~[java.net.http:?]
	at jdk.internal.net.http.ExchangeImpl.get(ExchangeImpl.java:93) ~[java.net.http:?]
	at jdk.internal.net.http.Exchange.establishExchange(Exchange.java:349) ~[java.net.http:?]
	at jdk.internal.net.http.Exchange.responseAsyncImpl0(Exchange.java:542) ~[java.net.http:?]
	at jdk.internal.net.http.Exchange.responseAsyncImpl(Exchange.java:386) ~[java.net.http:?]
	at jdk.internal.net.http.Exchange.responseAsync(Exchange.java:378) ~[java.net.http:?]
	at jdk.internal.net.http.MultiExchange.responseAsyncImpl(MultiExchange.java:408) ~[java.net.http:?]
	at jdk.internal.net.http.MultiExchange.lambda$responseAsyncImpl$7(MultiExchange.java:449) ~[java.net.http:?]
	at java.util.concurrent.CompletableFuture.uniHandle(CompletableFuture.java:934) ~[?:?]
	at java.util.concurrent.CompletableFuture.uniHandleStage(CompletableFuture.java:950) ~[?:?]
	at java.util.concurrent.CompletableFuture.handle(CompletableFuture.java:2340) ~[?:?]
	at jdk.internal.net.http.MultiExchange.responseAsyncImpl(MultiExchange.java:439) ~[java.net.http:?]
	at jdk.internal.net.http.MultiExchange.lambda$responseAsync0$2(MultiExchange.java:341) ~[java.net.http:?]
	at java.util.concurrent.CompletableFuture$UniCompose.tryFire(CompletableFuture.java:1150) ~[?:?]
	at java.util.concurrent.CompletableFuture.postComplete(CompletableFuture.java:510) ~[?:?]
	at java.util.concurrent.CompletableFuture$AsyncSupply.run(CompletableFuture.java:1773) ~[?:?]
	at jdk.internal.net.http.HttpClientImpl$DelegatingExecutor.execute(HttpClientImpl.java:158) ~[java.net.http:?]
	at java.util.concurrent.CompletableFuture.completeAsync(CompletableFuture.java:2673) ~[?:?]
	at jdk.internal.net.http.MultiExchange.responseAsync(MultiExchange.java:294) ~[java.net.http:?]
	at jdk.internal.net.http.HttpClientImpl.sendAsync(HttpClientImpl.java:659) ~[java.net.http:?]
	at jdk.internal.net.http.HttpClientImpl.send(HttpClientImpl.java:553) ~[java.net.http:?]
	... 5 more
[10Sep2026 22:44:59.211] [Worker-Main-21/INFO] [ConfigBase, distanthorizons/]: Config for DistantHorizons initialised
[10Sep2026 22:45:02.220] [DH-ApplyConfigPresetTimer/INFO] [com.seibel.distanthorizons.core.config.eventHandlers.presets.AbstractPresetConfigEventHandler/]: changing preset to: BALANCED
[10Sep2026 22:45:02.237] [DH-ApplyConfigPresetTimer/INFO] [com.seibel.distanthorizons.core.config.eventHandlers.presets.AbstractPresetConfigEventHandler/]: changing preset to: MEDIUM
[10Sep2026 22:45:02.237] [DH-ApplyConfigPresetTimer/INFO] [com.seibel.distanthorizons.core.config.eventHandlers.presets.AbstractPresetConfigEventHandler/]: preset active: MEDIUM
[10Sep2026 22:45:02.238] [DH-ApplyConfigPresetTimer/INFO] [com.seibel.distanthorizons.core.config.eventHandlers.presets.AbstractPresetConfigEventHandler/]: preset active: BALANCED
[10Sep2026 22:45:05.924] [Render thread/INFO] [com.mojang.blaze3d.audio.Library/]: OpenAL initialized on device OpenAL Soft on AAA (2- NVIDIA High Definition Audio)
[10Sep2026 22:45:05.924] [Render thread/INFO] [net.minecraft.client.sounds.SoundEngine/SOUNDS]: Sound engine started
[10Sep2026 22:45:06.032] [Render thread/INFO] [net.minecraft.client.renderer.texture.TextureAtlas/]: Created: 1024x512x4 minecraft:textures/atlas/blocks.png-atlas
[10Sep2026 22:45:06.037] [Render thread/INFO] [net.minecraft.client.renderer.texture.TextureAtlas/]: Created: 256x128x4 minecraft:textures/atlas/signs.png-atlas
[10Sep2026 22:45:06.037] [Render thread/INFO] [net.minecraft.client.renderer.texture.TextureAtlas/]: Created: 512x512x4 minecraft:textures/atlas/banner_patterns.png-atlas
[10Sep2026 22:45:06.038] [Render thread/INFO] [net.minecraft.client.renderer.texture.TextureAtlas/]: Created: 512x512x4 minecraft:textures/atlas/shield_patterns.png-atlas
[10Sep2026 22:45:06.038] [Render thread/INFO] [net.minecraft.client.renderer.texture.TextureAtlas/]: Created: 256x256x4 minecraft:textures/atlas/chest.png-atlas
[10Sep2026 22:45:06.038] [Render thread/INFO] [net.minecraft.client.renderer.texture.TextureAtlas/]: Created: 512x256x4 minecraft:textures/atlas/beds.png-atlas
[10Sep2026 22:45:06.039] [Render thread/INFO] [net.minecraft.client.renderer.texture.TextureAtlas/]: Created: 512x256x4 minecraft:textures/atlas/shulker_boxes.png-atlas
[10Sep2026 22:45:06.607] [Render thread/INFO] [GameRenderer/]: Shutting down renderer (forge)
[10Sep2026 22:45:06.610] [Render thread/INFO] [com.seibel.distanthorizons.core.api.internal.ClientApi/]: Renderer shutting down.
[10Sep2026 22:45:06.610] [Render thread/INFO] [GameRenderer/]: Starting up renderer (forge)
[10Sep2026 22:45:06.611] [Render thread/INFO] [com.seibel.distanthorizons.core.api.internal.ClientApi/]: Renderer starting up.
[10Sep2026 22:45:06.613] [Render thread/INFO] [com.seibel.distanthorizons.core.render.glObject.GLProxy/]: Creating GLProxy... If this is the last message you see there must have been an OpenGL error.
[10Sep2026 22:45:06.613] [Render thread/INFO] [com.seibel.distanthorizons.core.render.glObject.GLProxy/]: Lod Render OpenGL version [3.2.0 NVIDIA 581.80].
[10Sep2026 22:45:06.613] [Render thread/INFO] [com.seibel.distanthorizons.core.render.glObject.GLProxy/]: minecraftGlCapabilities:
Your OpenGL support:
openGL version 3.2+: [true] <- REQUIRED
Vertex Attribute Buffer Binding: [true] <- optional improvement
Buffer Storage: [true] <- optional improvement

[10Sep2026 22:45:06.613] [Render thread/INFO] [com.seibel.distanthorizons.core.render.glObject.GLProxy/]: GPU Vendor [NVIDIA CORPORATION], Preferred upload method is [BUFFER_STORAGE].
[10Sep2026 22:45:06.613] [Render thread/INFO] [com.seibel.distanthorizons.core.render.glObject.GLProxy/]: GLProxy creation successful. OpenGL smiles upon you this day.
[10Sep2026 22:45:06.700] [Render thread/INFO] [net.minecraft.client.renderer.texture.TextureAtlas/]: Created: 256x256x0 minecraft:textures/atlas/particles.png-atlas
[10Sep2026 22:45:06.702] [Render thread/INFO] [net.minecraft.client.renderer.texture.TextureAtlas/]: Created: 256x256x0 minecraft:textures/atlas/paintings.png-atlas
[10Sep2026 22:45:06.702] [Render thread/INFO] [net.minecraft.client.renderer.texture.TextureAtlas/]: Created: 128x128x0 minecraft:textures/atlas/mob_effects.png-atlas
[10Sep2026 22:45:06.717] [Render thread/INFO] [Oculus/]: Creating pipeline for dimension OVERWORLD
[10Sep2026 22:45:06.756] [Render thread/INFO] [Oculus/]: Starting custom uniform resolving
[10Sep2026 22:45:07.055] [Render thread/WARN] [net.coderbot.iris.gl.shader.GlShader/]: Shader compilation log for composite2.fsh: 0(90) : error C1033: cast not allowed

[10Sep2026 22:45:07.055] [Render thread/ERROR] [Oculus/]: Failed to create shader rendering pipeline, disabling shaders!
java.lang.RuntimeException: Shader compilation failed for composite2!
	at net.coderbot.iris.postprocess.CompositeRenderer.createProgram(CompositeRenderer.java:356) ~[oculus-mc1.18.2-1.6.4.jar%2357!/:?]
	at net.coderbot.iris.postprocess.CompositeRenderer.<init>(CompositeRenderer.java:123) ~[oculus-mc1.18.2-1.6.4.jar%2357!/:?]
	at net.coderbot.iris.pipeline.newshader.NewWorldRenderingPipeline.<init>(NewWorldRenderingPipeline.java:320) ~[oculus-mc1.18.2-1.6.4.jar%2357!/:?]
	at net.coderbot.iris.Iris.createPipeline(Iris.java:664) ~[oculus-mc1.18.2-1.6.4.jar%2357!/:?]
	at net.coderbot.iris.pipeline.PipelineManager.preparePipeline(PipelineManager.java:34) ~[oculus-mc1.18.2-1.6.4.jar%2357!/:?]
	at net.coderbot.iris.Iris.onLoadingComplete(Iris.java:223) ~[oculus-mc1.18.2-1.6.4.jar%2357!/:?]
	at net.minecraft.client.gui.screens.TitleScreen.handler$zea000$iris$showSodiumIncompatScreen(TitleScreen.java:539) ~[client-1.18.2-20220404.173914-srg.jar%2359!/:?]
	at net.minecraft.client.gui.screens.TitleScreen.m_7856_(TitleScreen.java:175) ~[client-1.18.2-20220404.173914-srg.jar%2359!/:?]
	at net.minecraft.client.gui.screens.Screen.m_6575_(Screen.java:423) ~[client-1.18.2-20220404.173914-srg.jar%2359!/:?]
	at net.minecraft.client.Minecraft.m_91152_(Minecraft.java:920) ~[client-1.18.2-20220404.173914-srg.jar%2359!/:?]
	at net.minecraft.client.Minecraft.lambda$new$1(Minecraft.java:563) ~[client-1.18.2-20220404.173914-srg.jar%2359!/:?]
	at net.minecraft.Util.m_137521_(Util.java:397) ~[client-1.18.2-20220404.173914-srg.jar%2359!/:?]
	at net.minecraft.client.Minecraft.lambda$new$2(Minecraft.java:551) ~[client-1.18.2-20220404.173914-srg.jar%2359!/:?]
	at net.minecraft.client.gui.screens.LoadingOverlay.m_6305_(LoadingOverlay.java:135) ~[client-1.18.2-20220404.173914-srg.jar%2359!/:?]
	at net.minecraft.client.renderer.GameRenderer.m_109093_(GameRenderer.java:879) ~[client-1.18.2-20220404.173914-srg.jar%2359!/:?]
	at net.minecraft.client.Minecraft.m_91383_(Minecraft.java:1046) ~[client-1.18.2-20220404.173914-srg.jar%2359!/:?]
	at net.minecraft.client.Minecraft.m_91374_(Minecraft.java:665) ~[client-1.18.2-20220404.173914-srg.jar%2359!/:?]
	at net.minecraft.client.main.Main.main(Main.java:205) ~[client-1.18.2-20220404.173914-srg.jar%2359!/:?]
	at jdk.internal.reflect.NativeMethodAccessorImpl.invoke0(Native Method) ~[?:?]
	at jdk.internal.reflect.NativeMethodAccessorImpl.invoke(NativeMethodAccessorImpl.java:77) ~[?:?]
	at jdk.internal.reflect.DelegatingMethodAccessorImpl.invoke(DelegatingMethodAccessorImpl.java:43) ~[?:?]
	at java.lang.reflect.Method.invoke(Method.java:569) ~[?:?]
	at net.minecraftforge.fml.loading.targets.CommonClientLaunchHandler.lambda$launchService$0(CommonClientLaunchHandler.java:31) ~[fmlloader-1.18.2-40.3.0.jar%2352!/:?]
	at cpw.mods.modlauncher.LaunchServiceHandlerDecorator.launch(LaunchServiceHandlerDecorator.java:37) [modlauncher-9.1.3.jar%2339!/:?]
	at cpw.mods.modlauncher.LaunchServiceHandler.launch(LaunchServiceHandler.java:53) [modlauncher-9.1.3.jar%2339!/:?]
	at cpw.mods.modlauncher.LaunchServiceHandler.launch(LaunchServiceHandler.java:71) [modlauncher-9.1.3.jar%2339!/:?]
	at cpw.mods.modlauncher.Launcher.run(Launcher.java:106) [modlauncher-9.1.3.jar%2339!/:?]
	at cpw.mods.modlauncher.Launcher.main(Launcher.java:77) [modlauncher-9.1.3.jar%2339!/:?]
	at cpw.mods.modlauncher.BootstrapLaunchConsumer.accept(BootstrapLaunchConsumer.java:26) [modlauncher-9.1.3.jar%2339!/:?]
	at cpw.mods.modlauncher.BootstrapLaunchConsumer.accept(BootstrapLaunchConsumer.java:23) [modlauncher-9.1.3.jar%2339!/:?]
	at cpw.mods.bootstraplauncher.BootstrapLauncher.main(BootstrapLauncher.java:149) [bootstraplauncher-1.0.0.jar:?]
	at jdk.internal.reflect.NativeMethodAccessorImpl.invoke0(Native Method) ~[?:?]
	at jdk.internal.reflect.NativeMethodAccessorImpl.invoke(NativeMethodAccessorImpl.java:77) ~[?:?]
	at jdk.internal.reflect.DelegatingMethodAccessorImpl.invoke(DelegatingMethodAccessorImpl.java:43) ~[?:?]
	at java.lang.reflect.Method.invoke(Method.java:569) ~[?:?]
	at io.github.zekerzhayard.forgewrapper.installer.Main.main(Main.java:67) [ForgeWrapper-prism-2026-08-01.jar:prism-2026-08-01]
	at org.prismlauncher.launcher.impl.StandardLauncher.launch(StandardLauncher.java:115) [NewLaunch.jar:?]
	at org.prismlauncher.EntryPoint.listen(EntryPoint.java:129) [NewLaunch.jar:?]
	at org.prismlauncher.EntryPoint.main(EntryPoint.java:70) [NewLaunch.jar:?]
Caused by: java.lang.RuntimeException: Failed to compile FRAGMENT shader for program composite2.fsh
	at net.coderbot.iris.gl.program.ProgramBuilder.buildShader(ProgramBuilder.java:101) ~[oculus-mc1.18.2-1.6.4.jar%2357!/:?]
	at net.coderbot.iris.gl.program.ProgramBuilder.begin(ProgramBuilder.java:52) ~[oculus-mc1.18.2-1.6.4.jar%2357!/:?]
	at net.coderbot.iris.postprocess.CompositeRenderer.createProgram(CompositeRenderer.java:352) ~[oculus-mc1.18.2-1.6.4.jar%2357!/:?]
	... 38 more
Caused by: java.lang.RuntimeException: Shader compilation failed for composite2.fsh, see log for details
	at net.coderbot.iris.gl.shader.GlShader.createShader(GlShader.java:46) ~[oculus-mc1.18.2-1.6.4.jar%2357!/:?]
	at net.coderbot.iris.gl.shader.GlShader.<init>(GlShader.java:25) ~[oculus-mc1.18.2-1.6.4.jar%2357!/:?]
	at net.coderbot.iris.gl.program.ProgramBuilder.buildShader(ProgramBuilder.java:99) ~[oculus-mc1.18.2-1.6.4.jar%2357!/:?]
	at net.coderbot.iris.gl.program.ProgramBuilder.begin(ProgramBuilder.java:52) ~[oculus-mc1.18.2-1.6.4.jar%2357!/:?]
	at net.coderbot.iris.postprocess.CompositeRenderer.createProgram(CompositeRenderer.java:352) ~[oculus-mc1.18.2-1.6.4.jar%2357!/:?]
	... 38 more
[10Sep2026 22:45:20.633] [Render thread/INFO] [Oculus/]: Destroying pipeline OVERWORLD
[10Sep2026 22:45:20.663] [Render thread/WARN] [Oculus/]: Ignoring ambiguous boolean option DISABLE_ALPHA_MIPMAPS
[10Sep2026 22:45:20.664] [Render thread/WARN] [Oculus/]: Ignoring ambiguous string option FLICKER_REDUCTION
[10Sep2026 22:45:20.664] [Render thread/WARN] [Oculus/]: Ignoring ambiguous string option MOTION_REJECTION
[10Sep2026 22:45:20.664] [Render thread/WARN] [Oculus/]: Ignoring ambiguous string option SHADOW_FILTER_SAMPLE_COUNT
[10Sep2026 22:45:20.664] [Render thread/WARN] [Oculus/]: Ignoring ambiguous boolean option DISABLE_ALPHA_MIPMAPS
[10Sep2026 22:45:20.671] [Render thread/ERROR] [Oculus/]: Invalid alpha test directive for gbuffers_hand: true
[10Sep2026 22:45:20.684] [Render thread/WARN] [Oculus/]: Unexpected value for integer key screen.Swamp_Settings.columns in shaders.properties: got 1 , but expected an integer
[10Sep2026 22:45:20.684] [Render thread/WARN] [Oculus/]: Unexpected value for integer key screen.Override_Settings.columns in shaders.properties: got 1 , but expected an integer
[10Sep2026 22:45:20.685] [Render thread/WARN] [Oculus/]: Unable to resolve shader pack option menu element "Snells_Window" defined in shaders.properties
[10Sep2026 22:45:20.685] [Render thread/WARN] [Oculus/]: Unable to resolve shader pack option menu element "Snells_Window_Width" defined in shaders.properties
[10Sep2026 22:45:20.685] [Render thread/WARN] [Oculus/]: Unable to resolve shader pack option menu element "Swamp_cloudyfog_Density" defined in shaders.properties
[10Sep2026 22:45:20.685] [Render thread/WARN] [Oculus/]: Unable to resolve shader pack option menu element "Swamp_UniformFog_Density" defined in shaders.properties
[10Sep2026 22:45:20.685] [Render thread/WARN] [Oculus/]: Unable to resolve shader pack option menu element "<skip>" defined in shaders.properties
[10Sep2026 22:45:20.685] [Render thread/WARN] [Oculus/]: Unable to resolve shader pack option menu element "<skip>" defined in shaders.properties
[10Sep2026 22:45:20.685] [Render thread/WARN] [Oculus/]: Unable to resolve shader pack option menu element "<skip>" defined in shaders.properties
[10Sep2026 22:45:20.685] [Render thread/WARN] [Oculus/]: Unable to resolve shader pack option menu element "<skip>" defined in shaders.properties
[10Sep2026 22:45:20.685] [Render thread/WARN] [Oculus/]: Unable to resolve shader pack option menu element "shadowDistance" defined in shaders.properties
[10Sep2026 22:45:20.685] [Render thread/WARN] [Oculus/]: Unable to resolve shader pack option menu element "<skip>" defined in shaders.properties
[10Sep2026 22:45:20.686] [Render thread/WARN] [Oculus/]: Unable to resolve shader pack option menu element "sun_strength" defined in shaders.properties
[10Sep2026 22:45:20.686] [Render thread/WARN] [Oculus/]: Unable to resolve shader pack option menu element "VL_Clouds_Shadows" defined in shaders.properties
[10Sep2026 22:45:20.686] [Render thread/WARN] [Oculus/]: Unable to resolve shader pack option menu element "Jungle_Cloudy_Fog_Density" defined in shaders.properties
[10Sep2026 22:45:20.686] [Render thread/WARN] [Oculus/]: Unable to resolve shader pack option menu element "Jungle_Uniform_Fog_Density" defined in shaders.properties
[10Sep2026 22:45:20.686] [Render thread/WARN] [Oculus/]: Unable to resolve shader pack option menu element "<skip>" defined in shaders.properties
[10Sep2026 22:45:20.686] [Render thread/WARN] [Oculus/]: Unable to resolve shader pack option menu element "<skip>" defined in shaders.properties
[10Sep2026 22:45:20.686] [Render thread/WARN] [Oculus/]: Unable to resolve shader pack option menu element "Sky_Light" defined in shaders.properties
[10Sep2026 22:45:20.686] [Render thread/WARN] [Oculus/]: Unable to resolve shader pack option menu element "<skip>" defined in shaders.properties
[10Sep2026 22:45:20.686] [Render thread/WARN] [Oculus/]: Unable to resolve shader pack option menu element "<skip>" defined in shaders.properties
[10Sep2026 22:45:20.686] [Render thread/WARN] [Oculus/]: Unable to resolve shader pack option menu element "override_Cloudy_Fog_Density" defined in shaders.properties
[10Sep2026 22:45:20.686] [Render thread/WARN] [Oculus/]: Unable to resolve shader pack option menu element "override_Uniform_Fog_Density" defined in shaders.properties
[10Sep2026 22:45:20.686] [Render thread/WARN] [Oculus/]: Unable to resolve shader pack option menu element "<skip>" defined in shaders.properties
[10Sep2026 22:45:20.686] [Render thread/INFO] [Oculus/]: Profile: Custom (+0 options changed by user)
[10Sep2026 22:45:20.840] [Render thread/INFO] [Oculus/]: Using shaderpack: Bliss_beta_1.15_(Chocapic13's_Shaders_edit).zip
[10Sep2026 22:45:22.605] [Render thread/WARN] [Oculus/]: Ignoring ambiguous boolean option ENTITIES
[10Sep2026 22:45:22.605] [Render thread/WARN] [Oculus/]: Ignoring ambiguous boolean option WORLD
[10Sep2026 22:45:22.605] [Render thread/WARN] [Oculus/]: Ignoring ambiguous boolean option WORLD
[10Sep2026 22:45:22.605] [Render thread/WARN] [Oculus/]: Ignoring ambiguous boolean option WORLD
[10Sep2026 22:45:22.606] [Render thread/WARN] [Oculus/]: Ignoring ambiguous boolean option WORLD
[10Sep2026 22:45:22.606] [Render thread/WARN] [Oculus/]: Ignoring ambiguous boolean option WEATHER
[10Sep2026 22:45:22.606] [Render thread/WARN] [Oculus/]: Ignoring ambiguous boolean option ENTITIES
[10Sep2026 22:45:22.606] [Render thread/WARN] [Oculus/]: Ignoring ambiguous boolean option WORLD
[10Sep2026 22:45:22.606] [Render thread/WARN] [Oculus/]: Ignoring ambiguous boolean option ENTITIES
[10Sep2026 22:45:22.606] [Render thread/WARN] [Oculus/]: Ignoring ambiguous boolean option WORLD
[10Sep2026 22:45:22.614] [Render thread/ERROR] [Oculus/]: Invalid alpha test directive for gbuffers_hand: true
[10Sep2026 22:45:22.617] [Render thread/WARN] [Oculus/]: Unable to resolve shader pack option menu element "AUTOFOCUS" defined in shaders.properties
[10Sep2026 22:45:22.617] [Render thread/WARN] [Oculus/]: Unable to resolve shader pack option menu element "Cumulus_Clouds" defined in shaders.properties
[10Sep2026 22:45:22.617] [Render thread/WARN] [Oculus/]: Unable to resolve shader pack option menu element "Allow_Vanilla_sky" defined in shaders.properties
[10Sep2026 22:45:22.617] [Render thread/INFO] [Oculus/]: Profile: Custom (+4 options changed by user)
[10Sep2026 22:45:22.958] [Render thread/INFO] [Oculus/]: Using shaderpack: Bliss_v2.0.4_Chocapic13_Shaders_edit.zip
[10Sep2026 22:45:33.039] [Render thread/WARN] [net.minecraft.commands.Commands/]: Ambiguity between arguments [teleport, location] and [teleport, destination] with inputs: [0.1 -0.5 .9, 0 0 0]
[10Sep2026 22:45:33.039] [Render thread/WARN] [net.minecraft.commands.Commands/]: Ambiguity between arguments [teleport, location] and [teleport, targets] with inputs: [0.1 -0.5 .9, 0 0 0]
[10Sep2026 22:45:33.041] [Render thread/WARN] [net.minecraft.commands.Commands/]: Ambiguity between arguments [teleport, destination] and [teleport, targets] with inputs: [Player, 0123, @e, dd12be42-52a9-4a91-a8a1-11c01849e498]
[10Sep2026 22:45:33.041] [Render thread/WARN] [net.minecraft.commands.Commands/]: Ambiguity between arguments [teleport, targets] and [teleport, destination] with inputs: [Player, 0123, dd12be42-52a9-4a91-a8a1-11c01849e498]
[10Sep2026 22:45:33.042] [Render thread/WARN] [net.minecraft.commands.Commands/]: Ambiguity between arguments [teleport, targets, location] and [teleport, targets, destination] with inputs: [0.1 -0.5 .9, 0 0 0]
[10Sep2026 22:45:34.510] [Render thread/INFO] [net.minecraft.world.item.crafting.RecipeManager/]: Loaded 7 recipes
[10Sep2026 22:45:35.303] [Render thread/INFO] [net.minecraft.advancements.AdvancementList/]: Loaded 1141 advancements
[10Sep2026 22:45:35.574] [Render thread/INFO] [com.mojang.authlib.yggdrasil.YggdrasilAuthenticationService/]: Environment: authHost='https://nope.invalid', accountsHost='https://nope.invalid', sessionHost='https://nope.invalid', servicesHost='https://nope.invalid', name='properties'
[10Sep2026 22:45:35.598] [Server thread/INFO] [net.minecraft.client.server.IntegratedServer/]: Starting integrated minecraft server version 1.18.2
[10Sep2026 22:45:35.598] [Server thread/INFO] [net.minecraft.server.MinecraftServer/]: Generating keypair
[10Sep2026 22:45:35.664] [Server thread/INFO] [DistantHorizons-com.seibel.distanthorizons.core.world.AbstractDhWorld/]: Started DhWorld of type Client_Server
[10Sep2026 22:45:35.741] [Server thread/INFO] [DistantHorizons-com.seibel.distanthorizons.forge.ForgeClientProxy/]: level load
[10Sep2026 22:45:35.866] [DH-Full Data Migration Thread: [overworld] Thread[0]/INFO] [DistantHorizons-com.seibel.distanthorizons.core.file.fullDatafile.FullDataSourceProviderV2/]: Attempting to migrate data sources for: [overworld]-[C:\Users\Admin\AppData\Roaming\PrismLauncher\instances\1.18.2\minecraft\saves\Новый мир (1)\data]...
[10Sep2026 22:45:35.867] [DH-Full Data Migration Thread: [overworld] Thread[0]/INFO] [DistantHorizons-com.seibel.distanthorizons.core.file.fullDatafile.FullDataSourceProviderV2/]: Found [0] data sources that need migration.
[10Sep2026 22:45:35.870] [DH-Full Data Migration Thread: [overworld] Thread[0]/INFO] [DistantHorizons-com.seibel.distanthorizons.core.file.fullDatafile.FullDataSourceProviderV2/]: No migration necessary.
[10Sep2026 22:45:35.871] [Server thread/INFO] [DistantHorizons-com.seibel.distanthorizons.core.level.DhClientServerLevel/]: Started DhClientServerLevel for Wrapped{ServerLevel[Новый мир]@overworld} with saves at [LocalSaveStructure@C:\Users\Admin\AppData\Roaming\PrismLauncher\instances\1.18.2\minecraft\saves\Новый мир (1)\data]
[10Sep2026 22:45:35.875] [Server thread/INFO] [DistantHorizons-com.seibel.distanthorizons.forge.ForgeClientProxy/]: level load
[10Sep2026 22:45:35.893] [DH-Full Data Migration Thread: [the_nether] Thread[0]/INFO] [DistantHorizons-com.seibel.distanthorizons.core.file.fullDatafile.FullDataSourceProviderV2/]: Attempting to migrate data sources for: [the_nether]-[C:\Users\Admin\AppData\Roaming\PrismLauncher\instances\1.18.2\minecraft\saves\Новый мир (1)\DIM-1\data]...
[10Sep2026 22:45:35.893] [DH-Full Data Migration Thread: [the_nether] Thread[0]/INFO] [DistantHorizons-com.seibel.distanthorizons.core.file.fullDatafile.FullDataSourceProviderV2/]: Found [0] data sources that need migration.
[10Sep2026 22:45:35.893] [DH-Full Data Migration Thread: [the_nether] Thread[0]/INFO] [DistantHorizons-com.seibel.distanthorizons.core.file.fullDatafile.FullDataSourceProviderV2/]: No migration necessary.
[10Sep2026 22:45:35.894] [Server thread/INFO] [DistantHorizons-com.seibel.distanthorizons.core.level.DhClientServerLevel/]: Started DhClientServerLevel for Wrapped{ServerLevel[Новый мир]@the_nether} with saves at [LocalSaveStructure@C:\Users\Admin\AppData\Roaming\PrismLauncher\instances\1.18.2\minecraft\saves\Новый мир (1)\DIM-1\data]
[10Sep2026 22:45:35.903] [Server thread/INFO] [DistantHorizons-com.seibel.distanthorizons.forge.ForgeClientProxy/]: level load
[10Sep2026 22:45:35.920] [DH-Full Data Migration Thread: [the_end] Thread[0]/INFO] [DistantHorizons-com.seibel.distanthorizons.core.file.fullDatafile.FullDataSourceProviderV2/]: Attempting to migrate data sources for: [the_end]-[C:\Users\Admin\AppData\Roaming\PrismLauncher\instances\1.18.2\minecraft\saves\Новый мир (1)\DIM1\data]...
[10Sep2026 22:45:35.920] [DH-Full Data Migration Thread: [the_end] Thread[0]/INFO] [DistantHorizons-com.seibel.distanthorizons.core.file.fullDatafile.FullDataSourceProviderV2/]: Found [0] data sources that need migration.
[10Sep2026 22:45:35.920] [DH-Full Data Migration Thread: [the_end] Thread[0]/INFO] [DistantHorizons-com.seibel.distanthorizons.core.file.fullDatafile.FullDataSourceProviderV2/]: No migration necessary.
[10Sep2026 22:45:35.920] [Server thread/INFO] [DistantHorizons-com.seibel.distanthorizons.core.level.DhClientServerLevel/]: Started DhClientServerLevel for Wrapped{ServerLevel[Новый мир]@the_end} with saves at [LocalSaveStructure@C:\Users\Admin\AppData\Roaming\PrismLauncher\instances\1.18.2\minecraft\saves\Новый мир (1)\DIM1\data]
[10Sep2026 22:45:35.922] [Server thread/INFO] [net.minecraft.server.MinecraftServer/]: Preparing start region for dimension minecraft:overworld
[10Sep2026 22:45:36.326] [Render thread/INFO] [net.minecraft.server.level.progress.LoggerChunkProgressListener/]: Подготовка области возрождения: 0%
[10Sep2026 22:45:36.432] [Render thread/INFO] [net.minecraft.server.level.progress.LoggerChunkProgressListener/]: Подготовка области возрождения: 0%
[10Sep2026 22:45:36.998] [Render thread/INFO] [net.minecraft.server.level.progress.LoggerChunkProgressListener/]: Подготовка области возрождения: 0%
[10Sep2026 22:45:37.438] [Render thread/INFO] [net.minecraft.server.level.progress.LoggerChunkProgressListener/]: Подготовка области возрождения: 4%
[10Sep2026 22:45:37.927] [Render thread/INFO] [net.minecraft.server.level.progress.LoggerChunkProgressListener/]: Подготовка области возрождения: 26%
[10Sep2026 22:45:38.442] [Render thread/INFO] [net.minecraft.server.level.progress.LoggerChunkProgressListener/]: Подготовка области возрождения: 71%
[10Sep2026 22:45:38.729] [Server thread/INFO] [net.minecraftforge.server.permission.PermissionAPI/]: Successfully initialized permission handler forge:default_handler
[10Sep2026 22:45:38.738] [Render thread/INFO] [net.minecraft.server.level.progress.LoggerChunkProgressListener/]: Time elapsed: 2811 ms
[10Sep2026 22:45:38.811] [Server thread/INFO] [net.minecraft.client.server.IntegratedServer/]: Changing view distance to 8, from 10
[10Sep2026 22:45:38.813] [Server thread/INFO] [net.minecraft.client.server.IntegratedServer/]: Changing simulation distance to 5, from 0
[10Sep2026 22:45:38.889] [Render thread/WARN] [io.netty.util.internal.SystemPropertyUtil/]: Unable to parse the boolean system property 'java.net.preferIPv6Addresses':system - using the default value: false
[10Sep2026 22:45:39.023] [Render thread/WARN] [com.mojang.authlib.yggdrasil.YggdrasilMinecraftSessionService/]: Couldn't look up profile properties for com.mojang.authlib.GameProfile@6fdc624[id=7b93f8db-4c8a-3fbc-8fdd-da91a3a0f02e,name=Zerus,properties={},legacy=false]
com.mojang.authlib.exceptions.AuthenticationUnavailableException: Cannot contact authentication server
	at com.mojang.authlib.yggdrasil.YggdrasilAuthenticationService.makeRequest(YggdrasilAuthenticationService.java:126) ~[authlib-3.3.39.jar%2325!/:?]
	at com.mojang.authlib.yggdrasil.YggdrasilAuthenticationService.makeRequest(YggdrasilAuthenticationService.java:100) ~[authlib-3.3.39.jar%2325!/:?]
	at com.mojang.authlib.yggdrasil.YggdrasilMinecraftSessionService.fillGameProfile(YggdrasilMinecraftSessionService.java:194) ~[authlib-3.3.39.jar%2325!/:?]
	at com.mojang.authlib.yggdrasil.YggdrasilMinecraftSessionService.fillProfileProperties(YggdrasilMinecraftSessionService.java:187) ~[authlib-3.3.39.jar%2325!/:?]
	at net.minecraft.client.Minecraft.doLoadLevel(Minecraft.java:1995) ~[client-1.18.2-20220404.173914-srg.jar%2359!/:?]
	at net.minecraft.client.Minecraft.m_91200_(Minecraft.java:1875) ~[client-1.18.2-20220404.173914-srg.jar%2359!/:?]
	at net.minecraft.client.gui.screens.worldselection.WorldSelectionList$WorldListEntry.m_101744_(WorldSelectionList.java:473) ~[client-1.18.2-20220404.173914-srg.jar%2359!/:?]
	at net.minecraft.client.gui.screens.worldselection.WorldSelectionList$WorldListEntry.m_101704_(WorldSelectionList.java:330) ~[client-1.18.2-20220404.173914-srg.jar%2359!/:?]
	at net.minecraft.client.gui.screens.worldselection.WorldSelectionList$WorldListEntry.m_6375_(WorldSelectionList.java:257) ~[client-1.18.2-20220404.173914-srg.jar%2359!/:?]
	at net.minecraft.client.gui.components.AbstractSelectionList.m_6375_(AbstractSelectionList.java:323) ~[client-1.18.2-20220404.173914-srg.jar%2359!/:?]
	at net.minecraft.client.gui.components.events.ContainerEventHandler.m_6375_(ContainerEventHandler.java:27) ~[client-1.18.2-20220404.173914-srg.jar%2359!/:?]
	at net.minecraft.client.MouseHandler.m_168084_(MouseHandler.java:88) ~[client-1.18.2-20220404.173914-srg.jar%2359!/:?]
	at net.minecraft.client.gui.screens.Screen.m_96579_(Screen.java:528) ~[client-1.18.2-20220404.173914-srg.jar%2359!/:?]
	at net.minecraft.client.MouseHandler.m_91530_(MouseHandler.java:85) ~[client-1.18.2-20220404.173914-srg.jar%2359!/:?]
	at net.minecraft.client.MouseHandler.m_168091_(MouseHandler.java:185) ~[client-1.18.2-20220404.173914-srg.jar%2359!/:?]
	at net.minecraft.util.thread.BlockableEventLoop.execute(BlockableEventLoop.java:103) ~[client-1.18.2-20220404.173914-srg.jar%2359!/:?]
	at net.minecraft.client.MouseHandler.m_91565_(MouseHandler.java:184) ~[client-1.18.2-20220404.173914-srg.jar%2359!/:?]
	at org.lwjgl.glfw.GLFWMouseButtonCallbackI.callback(GLFWMouseButtonCallbackI.java:36) ~[lwjgl-glfw-3.2.2.jar%230!/:build 10]
	at org.lwjgl.system.JNI.invokeV(Native Method) ~[lwjgl-3.2.2.jar%235!/:build 10]
	at org.lwjgl.glfw.GLFW.glfwWaitEventsTimeout(GLFW.java:3174) ~[lwjgl-glfw-3.2.2.jar%230!/:build 10]
	at com.mojang.blaze3d.systems.RenderSystem.m_69830_(RenderSystem.java:222) ~[client-1.18.2-20220404.173914-srg.jar%2359!/:?]
	at net.minecraft.client.Minecraft.m_91383_(Minecraft.java:1071) ~[client-1.18.2-20220404.173914-srg.jar%2359!/:?]
	at net.minecraft.client.Minecraft.m_91374_(Minecraft.java:665) ~[client-1.18.2-20220404.173914-srg.jar%2359!/:?]
	at net.minecraft.client.main.Main.main(Main.java:205) ~[client-1.18.2-20220404.173914-srg.jar%2359!/:?]
	at jdk.internal.reflect.NativeMethodAccessorImpl.invoke0(Native Method) ~[?:?]
	at jdk.internal.reflect.NativeMethodAccessorImpl.invoke(NativeMethodAccessorImpl.java:77) ~[?:?]
	at jdk.internal.reflect.DelegatingMethodAccessorImpl.invoke(DelegatingMethodAccessorImpl.java:43) ~[?:?]
	at java.lang.reflect.Method.invoke(Method.java:569) ~[?:?]
	at net.minecraftforge.fml.loading.targets.CommonClientLaunchHandler.lambda$launchService$0(CommonClientLaunchHandler.java:31) ~[fmlloader-1.18.2-40.3.0.jar%2352!/:?]
	at cpw.mods.modlauncher.LaunchServiceHandlerDecorator.launch(LaunchServiceHandlerDecorator.java:37) [modlauncher-9.1.3.jar%2339!/:?]
	at cpw.mods.modlauncher.LaunchServiceHandler.launch(LaunchServiceHandler.java:53) [modlauncher-9.1.3.jar%2339!/:?]
	at cpw.mods.modlauncher.LaunchServiceHandler.launch(LaunchServiceHandler.java:71) [modlauncher-9.1.3.jar%2339!/:?]
	at cpw.mods.modlauncher.Launcher.run(Launcher.java:106) [modlauncher-9.1.3.jar%2339!/:?]
	at cpw.mods.modlauncher.Launcher.main(Launcher.java:77) [modlauncher-9.1.3.jar%2339!/:?]
	at cpw.mods.modlauncher.BootstrapLaunchConsumer.accept(BootstrapLaunchConsumer.java:26) [modlauncher-9.1.3.jar%2339!/:?]
	at cpw.mods.modlauncher.BootstrapLaunchConsumer.accept(BootstrapLaunchConsumer.java:23) [modlauncher-9.1.3.jar%2339!/:?]
	at cpw.mods.bootstraplauncher.BootstrapLauncher.main(BootstrapLauncher.java:149) [bootstraplauncher-1.0.0.jar:?]
	at jdk.internal.reflect.NativeMethodAccessorImpl.invoke0(Native Method) ~[?:?]
	at jdk.internal.reflect.NativeMethodAccessorImpl.invoke(NativeMethodAccessorImpl.java:77) ~[?:?]
	at jdk.internal.reflect.DelegatingMethodAccessorImpl.invoke(DelegatingMethodAccessorImpl.java:43) ~[?:?]
	at java.lang.reflect.Method.invoke(Method.java:569) ~[?:?]
	at io.github.zekerzhayard.forgewrapper.installer.Main.main(Main.java:67) [ForgeWrapper-prism-2026-08-01.jar:prism-2026-08-01]
	at org.prismlauncher.launcher.impl.StandardLauncher.launch(StandardLauncher.java:115) [NewLaunch.jar:?]
	at org.prismlauncher.EntryPoint.listen(EntryPoint.java:129) [NewLaunch.jar:?]
	at org.prismlauncher.EntryPoint.main(EntryPoint.java:70) [NewLaunch.jar:?]
Caused by: java.net.UnknownHostException: nope.invalid
	at sun.nio.ch.NioSocketImpl.connect(NioSocketImpl.java:572) ~[?:?]
	at java.net.SocksSocketImpl.connect(SocksSocketImpl.java:327) ~[?:?]
	at java.net.Socket.connect(Socket.java:633) ~[?:?]
	at sun.security.ssl.SSLSocketImpl.connect(SSLSocketImpl.java:304) ~[?:?]
	at sun.net.NetworkClient.doConnect(NetworkClient.java:178) ~[?:?]
	at sun.net.www.http.HttpClient.openServer(HttpClient.java:533) ~[?:?]
	at sun.net.www.http.HttpClient.openServer(HttpClient.java:638) ~[?:?]
	at sun.net.www.protocol.https.HttpsClient.<init>(HttpsClient.java:266) ~[?:?]
	at sun.net.www.protocol.https.HttpsClient.New(HttpsClient.java:380) ~[?:?]
	at sun.net.www.protocol.https.AbstractDelegateHttpsURLConnection.getNewHttpClient(AbstractDelegateHttpsURLConnection.java:193) ~[?:?]
	at sun.net.www.protocol.http.HttpURLConnection.plainConnect0(HttpURLConnection.java:1302) ~[?:?]
	at sun.net.www.protocol.http.HttpURLConnection.plainConnect(HttpURLConnection.java:1143) ~[?:?]
	at sun.net.www.protocol.https.AbstractDelegateHttpsURLConnection.connect(AbstractDelegateHttpsURLConnection.java:179) ~[?:?]
	at sun.net.www.protocol.http.HttpURLConnection.getInputStream0(HttpURLConnection.java:1702) ~[?:?]
	at sun.net.www.protocol.http.HttpURLConnection.getInputStream(HttpURLConnection.java:1626) ~[?:?]
	at sun.net.www.protocol.https.HttpsURLConnectionImpl.getInputStream(HttpsURLConnectionImpl.java:224) ~[?:?]
	at com.mojang.authlib.HttpAuthenticationService.performGetRequest(HttpAuthenticationService.java:140) ~[authlib-3.3.39.jar%2325!/:?]
	at com.mojang.authlib.yggdrasil.YggdrasilAuthenticationService.makeRequest(YggdrasilAuthenticationService.java:105) ~[authlib-3.3.39.jar%2325!/:?]
	... 44 more
[10Sep2026 22:45:39.244] [Netty Local Client IO #0/INFO] [net.minecraftforge.network.NetworkHooks/]: Connected to a modded server.
[10Sep2026 22:45:39.288] [Server thread/INFO] [net.minecraftforge.common.AdvancementLoadFix/]: Using new advancement loading for net.minecraft.server.PlayerAdvancements@99b27ab
[10Sep2026 22:45:39.298] [Server thread/INFO] [net.minecraft.server.players.PlayerList/]: Zerus[local:E:67060646] logged in with entity id 55 at (263.9906176878369, 124.0, 13411.018852768797)
[10Sep2026 22:45:39.317] [Server thread/INFO] [net.minecraft.server.MinecraftServer/]: Zerus присоединился к игре
[10Sep2026 22:45:39.390] [Render thread/INFO] [DistantHorizons-com.seibel.distanthorizons.forge.ForgeClientProxy/]: level load
[10Sep2026 22:45:39.393] [Render thread/INFO] [com.seibel.distanthorizons.core.api.internal.ClientApi/]: Loading  client level [Wrapped{ClientLevel@overworld}]-[overworld].
[10Sep2026 22:45:39.415] [Render thread/INFO] [com.seibel.distanthorizons.core.api.internal.ClientApi/]: Loaded [0] waiting chunk wrappers.
[10Sep2026 22:45:39.517] [Render thread/INFO] [ChunkBuilder/]: Started 6 worker threads
[10Sep2026 22:45:39.699] [Render thread/INFO] [Oculus/]: Creating pipeline for dimension OVERWORLD
[10Sep2026 22:45:39.703] [Render thread/INFO] [Oculus/]: Starting custom uniform resolving
[10Sep2026 22:45:39.827] [Render thread/WARN] [net.coderbot.iris.pipeline.transform.transformer.CompatibilityTransformer/]: The in declaration 'WsunVec' in the FRAGMENT shader is missing a corresponding out declaration in the previous stage VERTEX and has been compatibility-patched. See debugging.md for more information.
[10Sep2026 22:45:39.848] [Render thread/WARN] [net.coderbot.iris.gl.shader.ProgramCreator/]: Program link log for deferred: Vertex info
-----------
0(32) : warning C7050: "tempOffsets.x" might be used before being initialized

[10Sep2026 22:45:40.128] [Render thread/WARN] [net.coderbot.iris.pipeline.transform.transformer.CompatibilityTransformer/]: Removed empty external declarations (";").
[10Sep2026 22:45:40.180] [Render thread/WARN] [Oculus/]: [Patcher] gl_FragColor is not supported yet, please use gl_FragData! Assuming that the shaderpack author intended to use gl_FragData[0]...
[10Sep2026 22:45:41.168] [Thread-32/ERROR] [net.minecraftforge.eventbus.EventSubclassTransformer/EVENTBUS]: An error occurred building event handler
java.lang.NullPointerException: Cannot invoke "java.lang.ClassLoader.loadClass(String)" because the return value of "java.lang.Thread.getContextClassLoader()" is null
	at net.minecraftforge.eventbus.EventSubclassTransformer.buildEvents(EventSubclassTransformer.java:62) ~[eventbus-5.0.3.jar:?]
	at net.minecraftforge.eventbus.EventSubclassTransformer.transform(EventSubclassTransformer.java:44) ~[eventbus-5.0.3.jar:?]
	at net.minecraftforge.eventbus.EventBusEngine.processClass(EventBusEngine.java:21) ~[eventbus-5.0.3.jar:?]
	at net.minecraftforge.eventbus.service.ModLauncherService.processClassWithFlags(ModLauncherService.java:20) ~[eventbus-5.0.3.jar:5.0.3+70+master.d7d405b]
	at cpw.mods.modlauncher.LaunchPluginHandler.offerClassNodeToPlugins(LaunchPluginHandler.java:88) ~[modlauncher-9.1.3.jar:?]
	at cpw.mods.modlauncher.ClassTransformer.transform(ClassTransformer.java:120) ~[modlauncher-9.1.3.jar:?]
	at cpw.mods.modlauncher.TransformingClassLoader.maybeTransformClassBytes(TransformingClassLoader.java:50) ~[modlauncher-9.1.3.jar:?]
	at cpw.mods.cl.ModuleClassLoader.readerToClass(ModuleClassLoader.java:113) ~[securejarhandler-1.0.8.jar:?]
	at cpw.mods.cl.ModuleClassLoader.lambda$findClass$15(ModuleClassLoader.java:219) ~[securejarhandler-1.0.8.jar:?]
	at cpw.mods.cl.ModuleClassLoader.loadFromModule(ModuleClassLoader.java:229) ~[securejarhandler-1.0.8.jar:?]
	at cpw.mods.cl.ModuleClassLoader.findClass(ModuleClassLoader.java:219) ~[securejarhandler-1.0.8.jar:?]
	at cpw.mods.cl.ModuleClassLoader.loadClass(ModuleClassLoader.java:135) ~[securejarhandler-1.0.8.jar:?]
	at java.lang.ClassLoader.loadClass(ClassLoader.java:525) ~[?:?]
	at com.mojang.blaze3d.platform.GlDebug.m_84038_(GlDebug.java:95) ~[?:?]
	at org.lwjgl.opengl.GLDebugMessageCallbackI.callback(GLDebugMessageCallbackI.java:39) [lwjgl-opengl-3.2.2.jar%233!/:build 10]
[10Sep2026 22:45:41.174] [Thread-32/INFO] [com.mojang.blaze3d.platform.GlDebug/]: OpenGL debug message: id=1282, source=API, type=ERROR, severity=HIGH, message='GL_INVALID_OPERATION error generated. Buffer is unbound or is already unmapped.'
[10Sep2026 22:45:41.176] [Render thread/INFO] [ChunkBuilder/]: Stopping worker threads
[10Sep2026 22:45:41.181] [Render thread/INFO] [ChunkBuilder/]: Started 6 worker threads
[10Sep2026 22:45:41.215] [Render thread/INFO] [com.seibel.distanthorizons.core.render.renderer.LodRenderer/]: Setting up renderer
[10Sep2026 22:45:41.217] [Render thread/INFO] [com.seibel.distanthorizons.core.render.glObject.GLProxy/]: Loading shader with type: 35633
[10Sep2026 22:45:41.218] [Render thread/INFO] [com.seibel.distanthorizons.core.render.glObject.GLProxy/]: Shader loaded sucessfully.
[10Sep2026 22:45:41.218] [Render thread/INFO] [com.seibel.distanthorizons.core.render.glObject.GLProxy/]: Loading shader with type: 35632
[10Sep2026 22:45:41.218] [Render thread/INFO] [com.seibel.distanthorizons.core.render.glObject.GLProxy/]: Shader loaded sucessfully.
[10Sep2026 22:45:41.225] [Render thread/INFO] [com.seibel.distanthorizons.core.render.glObject.GLProxy/]: Vertex Attribute (GL43+) completed. It contains 1 binding points and a stride size of 16
[10Sep2026 22:45:41.228] [Render thread/INFO] [DistantHorizons-QuadElementBuffer/]: Quad IBO Resizing from [0] to [16384] with type: GL_UNKNOWN(5125)
[10Sep2026 22:45:41.237] [Render thread/INFO] [com.seibel.distanthorizons.core.render.renderer.LodRenderer/]: Renderer setup complete
[10Sep2026 22:45:41.314] [Render thread/INFO] [com.seibel.distanthorizons.core.render.glObject.GLProxy/]: Loading shader with type: 35633
[10Sep2026 22:45:41.315] [Render thread/INFO] [com.seibel.distanthorizons.core.render.glObject.GLProxy/]: Shader loaded sucessfully.
[10Sep2026 22:45:41.315] [Render thread/INFO] [com.seibel.distanthorizons.core.render.glObject.GLProxy/]: Loading shader with type: 35632
[10Sep2026 22:45:41.315] [Render thread/INFO] [com.seibel.distanthorizons.core.render.glObject.GLProxy/]: Shader loaded sucessfully.
[10Sep2026 22:45:41.316] [Render thread/INFO] [com.seibel.distanthorizons.core.render.glObject.GLProxy/]: Loading shader with type: 35633
[10Sep2026 22:45:41.316] [Render thread/INFO] [com.seibel.distanthorizons.core.render.glObject.GLProxy/]: Shader loaded sucessfully.
[10Sep2026 22:45:41.316] [Render thread/INFO] [com.seibel.distanthorizons.core.render.glObject.GLProxy/]: Loading shader with type: 35632
[10Sep2026 22:45:41.316] [Render thread/INFO] [com.seibel.distanthorizons.core.render.glObject.GLProxy/]: Shader loaded sucessfully.
[10Sep2026 22:45:41.318] [Render thread/INFO] [com.seibel.distanthorizons.core.render.glObject.GLProxy/]: Vertex Attribute (GL43+) completed. It contains 1 binding points and a stride size of 8
[10Sep2026 22:45:41.320] [Render thread/INFO] [com.seibel.distanthorizons.core.render.glObject.GLProxy/]: Loading shader with type: 35633
[10Sep2026 22:45:41.320] [Render thread/INFO] [com.seibel.distanthorizons.core.render.glObject.GLProxy/]: Shader loaded sucessfully.
[10Sep2026 22:45:41.321] [Render thread/INFO] [com.seibel.distanthorizons.core.render.glObject.GLProxy/]: Loading shader with type: 35632
[10Sep2026 22:45:41.321] [Render thread/INFO] [com.seibel.distanthorizons.core.render.glObject.GLProxy/]: Shader loaded sucessfully.
[10Sep2026 22:45:41.324] [Render thread/INFO] [com.seibel.distanthorizons.core.render.glObject.GLProxy/]: Loading shader with type: 35633
[10Sep2026 22:45:41.324] [Render thread/INFO] [com.seibel.distanthorizons.core.render.glObject.GLProxy/]: Shader loaded sucessfully.
[10Sep2026 22:45:41.324] [Render thread/INFO] [com.seibel.distanthorizons.core.render.glObject.GLProxy/]: Loading shader with type: 35632
[10Sep2026 22:45:41.324] [Render thread/INFO] [com.seibel.distanthorizons.core.render.glObject.GLProxy/]: Shader loaded sucessfully.
[10Sep2026 22:45:41.543] [Worker-Main-19/WARN] [com.mojang.authlib.yggdrasil.YggdrasilMinecraftSessionService/]: Couldn't look up profile properties for com.mojang.authlib.GameProfile@35f9e684[id=7b93f8db-4c8a-3fbc-8fdd-da91a3a0f02e,name=Zerus,properties={},legacy=false]
com.mojang.authlib.exceptions.AuthenticationUnavailableException: Cannot contact authentication server
	at com.mojang.authlib.yggdrasil.YggdrasilAuthenticationService.makeRequest(YggdrasilAuthenticationService.java:126) ~[authlib-3.3.39.jar%2325!/:?]
	at com.mojang.authlib.yggdrasil.YggdrasilAuthenticationService.makeRequest(YggdrasilAuthenticationService.java:100) ~[authlib-3.3.39.jar%2325!/:?]
	at com.mojang.authlib.yggdrasil.YggdrasilMinecraftSessionService.fillGameProfile(YggdrasilMinecraftSessionService.java:194) ~[authlib-3.3.39.jar%2325!/:?]
	at com.mojang.authlib.yggdrasil.YggdrasilMinecraftSessionService$1.load(YggdrasilMinecraftSessionService.java:68) ~[authlib-3.3.39.jar%2325!/:?]
	at com.mojang.authlib.yggdrasil.YggdrasilMinecraftSessionService$1.load(YggdrasilMinecraftSessionService.java:65) ~[authlib-3.3.39.jar%2325!/:?]
	at com.google.common.cache.LocalCache$LoadingValueReference.loadFuture(LocalCache.java:3533) ~[guava-31.0.1-jre.jar%2318!/:?]
	at com.google.common.cache.LocalCache$Segment.loadSync(LocalCache.java:2282) ~[guava-31.0.1-jre.jar%2318!/:?]
	at com.google.common.cache.LocalCache$Segment.lockedGetOrLoad(LocalCache.java:2159) ~[guava-31.0.1-jre.jar%2318!/:?]
	at com.google.common.cache.LocalCache$Segment.get(LocalCache.java:2049) ~[guava-31.0.1-jre.jar%2318!/:?]
	at com.google.common.cache.LocalCache.get(LocalCache.java:3966) ~[guava-31.0.1-jre.jar%2318!/:?]
	at com.google.common.cache.LocalCache.getOrLoad(LocalCache.java:3989) ~[guava-31.0.1-jre.jar%2318!/:?]
	at com.google.common.cache.LocalCache$LocalLoadingCache.get(LocalCache.java:4950) ~[guava-31.0.1-jre.jar%2318!/:?]
	at com.google.common.cache.LocalCache$LocalLoadingCache.getUnchecked(LocalCache.java:4956) ~[guava-31.0.1-jre.jar%2318!/:?]
	at com.mojang.authlib.yggdrasil.YggdrasilMinecraftSessionService.fillProfileProperties(YggdrasilMinecraftSessionService.java:184) ~[authlib-3.3.39.jar%2325!/:?]
	at net.minecraft.client.Minecraft.m_91095_(Minecraft.java:2375) ~[client-1.18.2-20220404.173914-srg.jar%2359!/:?]
	at net.minecraft.client.resources.SkinManager.m_118821_(SkinManager.java:97) ~[client-1.18.2-20220404.173914-srg.jar%2359!/:?]
	at java.util.concurrent.ForkJoinTask$RunnableExecuteAction.exec(ForkJoinTask.java:1395) [?:?]
	at java.util.concurrent.ForkJoinTask.doExec(ForkJoinTask.java:373) [?:?]
	at java.util.concurrent.ForkJoinPool$WorkQueue.topLevelExec(ForkJoinPool.java:1182) [?:?]
	at java.util.concurrent.ForkJoinPool.scan(ForkJoinPool.java:1655) [?:?]
	at java.util.concurrent.ForkJoinPool.runWorker(ForkJoinPool.java:1622) [?:?]
	at java.util.concurrent.ForkJoinWorkerThread.run(ForkJoinWorkerThread.java:165) [?:?]
Caused by: java.net.UnknownHostException: nope.invalid
	at sun.nio.ch.NioSocketImpl.connect(NioSocketImpl.java:572) ~[?:?]
	at java.net.SocksSocketImpl.connect(SocksSocketImpl.java:327) ~[?:?]
	at java.net.Socket.connect(Socket.java:633) ~[?:?]
	at sun.security.ssl.SSLSocketImpl.connect(SSLSocketImpl.java:304) ~[?:?]
	at sun.net.NetworkClient.doConnect(NetworkClient.java:178) ~[?:?]
	at sun.net.www.http.HttpClient.openServer(HttpClient.java:533) ~[?:?]
	at sun.net.www.http.HttpClient.openServer(HttpClient.java:638) ~[?:?]
	at sun.net.www.protocol.https.HttpsClient.<init>(HttpsClient.java:266) ~[?:?]
	at sun.net.www.protocol.https.HttpsClient.New(HttpsClient.java:380) ~[?:?]
	at sun.net.www.protocol.https.AbstractDelegateHttpsURLConnection.getNewHttpClient(AbstractDelegateHttpsURLConnection.java:193) ~[?:?]
	at sun.net.www.protocol.http.HttpURLConnection.plainConnect0(HttpURLConnection.java:1302) ~[?:?]
	at sun.net.www.protocol.http.HttpURLConnection.plainConnect(HttpURLConnection.java:1143) ~[?:?]
	at sun.net.www.protocol.https.AbstractDelegateHttpsURLConnection.connect(AbstractDelegateHttpsURLConnection.java:179) ~[?:?]
	at sun.net.www.protocol.http.HttpURLConnection.getInputStream0(HttpURLConnection.java:1702) ~[?:?]
	at sun.net.www.protocol.http.HttpURLConnection.getInputStream(HttpURLConnection.java:1626) ~[?:?]
	at sun.net.www.protocol.https.HttpsURLConnectionImpl.getInputStream(HttpsURLConnectionImpl.java:224) ~[?:?]
	at com.mojang.authlib.HttpAuthenticationService.performGetRequest(HttpAuthenticationService.java:140) ~[authlib-3.3.39.jar%2325!/:?]
	at com.mojang.authlib.yggdrasil.YggdrasilAuthenticationService.makeRequest(YggdrasilAuthenticationService.java:105) ~[authlib-3.3.39.jar%2325!/:?]
	... 21 more
[10Sep2026 22:45:41.666] [Render thread/INFO] [net.minecraft.advancements.AdvancementList/]: Loaded 57 advancements
[10Sep2026 22:45:42.124] [Server thread/INFO] [LodWorldGen/]: DH TerraFirmaCraft detection: false
[10Sep2026 22:45:42.154] [Server thread/INFO] [LodWorldGen/]: ================WORLD_GEN_STEP_INITING=============
[10Sep2026 22:45:42.155] [Server thread/INFO] [DistantHorizons-com.seibel.distanthorizons.core.generation.BatchGenerator/]: Batch Chunk Generator initialized
[10Sep2026 22:45:42.157] [Server thread/INFO] [DistantHorizons-com.seibel.distanthorizons.core.generation.WorldGenerationQueue/]: Creating world gen queue
[10Sep2026 22:45:42.157] [Server thread/INFO] [DistantHorizons-com.seibel.distanthorizons.core.generation.WorldGenerationQueue/]: Created world gen queue
[10Sep2026 22:45:42.157] [Server thread/INFO] [DistantHorizons-com.seibel.distanthorizons.core.file.fullDatafile.GeneratedFullDataSourceProvider/]: Set world gen queue for level [com.seibel.distanthorizons.core.level.DhClientServerLevel@627ea4bf].
[10Sep2026 22:45:50.730] [Server thread/INFO] [net.minecraft.client.server.IntegratedServer/]: Saving and pausing game...
[10Sep2026 22:45:50.744] [Server thread/INFO] [net.minecraft.server.MinecraftServer/]: Saving chunks for level 'ServerLevel[Новый мир]'/minecraft:overworld
[10Sep2026 22:45:50.762] [Server thread/INFO] [net.minecraft.server.MinecraftServer/]: Saving chunks for level 'ServerLevel[Новый мир]'/minecraft:the_nether
[10Sep2026 22:45:50.764] [Server thread/INFO] [net.minecraft.server.MinecraftServer/]: Saving chunks for level 'ServerLevel[Новый мир]'/minecraft:the_end
[10Sep2026 22:45:54.622] [Render thread/INFO] [Oculus/]: Destroying pipeline OVERWORLD
[10Sep2026 22:45:54.661] [Render thread/INFO] [Oculus/]: Profile: MEDIUM (+0 options changed by user)
[10Sep2026 22:45:54.679] [Render thread/INFO] [Oculus/]: Using shaderpack: HeliosPT_0.5.zip
[10Sep2026 22:45:54.679] [Render thread/INFO] [Oculus/]: Creating pipeline for dimension OVERWORLD
[10Sep2026 22:45:54.683] [Render thread/INFO] [Oculus/]: Starting custom uniform resolving
[10Sep2026 22:45:54.729] [Render thread/WARN] [net.coderbot.iris.gl.shader.GlShader/]: Shader compilation log for composite2.fsh: 0(90) : error C1033: cast not allowed

[10Sep2026 22:45:54.729] [Render thread/ERROR] [Oculus/]: Failed to create shader rendering pipeline, disabling shaders!
java.lang.RuntimeException: Shader compilation failed for composite2!
	at net.coderbot.iris.postprocess.CompositeRenderer.createProgram(CompositeRenderer.java:356) ~[oculus-mc1.18.2-1.6.4.jar%2357!/:?]
	at net.coderbot.iris.postprocess.CompositeRenderer.<init>(CompositeRenderer.java:123) ~[oculus-mc1.18.2-1.6.4.jar%2357!/:?]
	at net.coderbot.iris.pipeline.newshader.NewWorldRenderingPipeline.<init>(NewWorldRenderingPipeline.java:320) ~[oculus-mc1.18.2-1.6.4.jar%2357!/:?]
	at net.coderbot.iris.Iris.createPipeline(Iris.java:664) ~[oculus-mc1.18.2-1.6.4.jar%2357!/:?]
	at net.coderbot.iris.pipeline.PipelineManager.preparePipeline(PipelineManager.java:34) ~[oculus-mc1.18.2-1.6.4.jar%2357!/:?]
	at net.coderbot.iris.Iris.reload(Iris.java:606) ~[oculus-mc1.18.2-1.6.4.jar%2357!/:?]
	at net.coderbot.iris.apiimpl.IrisApiV0ConfigImpl.setShadersEnabledAndApply(IrisApiV0ConfigImpl.java:28) ~[oculus-mc1.18.2-1.6.4.jar%2357!/:?]
	at net.coderbot.iris.gui.screen.ShaderPackScreen.applyChanges(ShaderPackScreen.java:537) ~[oculus-mc1.18.2-1.6.4.jar%2357!/:?]
	at net.coderbot.iris.gui.screen.ShaderPackScreen.lambda$init$2(ShaderPackScreen.java:222) ~[oculus-mc1.18.2-1.6.4.jar%2357!/:?]
	at net.minecraft.client.gui.components.Button.m_5691_(Button.java:40) ~[client-1.18.2-20220404.173914-srg.jar%2359!/:?]
	at net.minecraft.client.gui.components.AbstractButton.m_5716_(AbstractButton.java:16) ~[client-1.18.2-20220404.173914-srg.jar%2359!/:?]
	at net.minecraft.client.gui.components.AbstractWidget.m_6375_(AbstractWidget.java:111) ~[client-1.18.2-20220404.173914-srg.jar%2359!/:?]
	at net.minecraft.client.gui.components.events.ContainerEventHandler.m_6375_(ContainerEventHandler.java:27) ~[client-1.18.2-20220404.173914-srg.jar%2359!/:?]
	at net.minecraft.client.MouseHandler.m_168084_(MouseHandler.java:88) ~[client-1.18.2-20220404.173914-srg.jar%2359!/:?]
	at net.minecraft.client.gui.screens.Screen.m_96579_(Screen.java:528) ~[client-1.18.2-20220404.173914-srg.jar%2359!/:?]
	at net.minecraft.client.MouseHandler.m_91530_(MouseHandler.java:85) ~[client-1.18.2-20220404.173914-srg.jar%2359!/:?]
	at net.minecraft.client.MouseHandler.m_168091_(MouseHandler.java:185) ~[client-1.18.2-20220404.173914-srg.jar%2359!/:?]
	at net.minecraft.util.thread.BlockableEventLoop.execute(BlockableEventLoop.java:103) ~[client-1.18.2-20220404.173914-srg.jar%2359!/:?]
	at net.minecraft.client.MouseHandler.m_91565_(MouseHandler.java:184) ~[client-1.18.2-20220404.173914-srg.jar%2359!/:?]
	at org.lwjgl.glfw.GLFWMouseButtonCallbackI.callback(GLFWMouseButtonCallbackI.java:36) ~[lwjgl-glfw-3.2.2.jar%230!/:build 10]
	at org.lwjgl.system.JNI.invokeV(Native Method) ~[lwjgl-3.2.2.jar%235!/:build 10]
	at org.lwjgl.glfw.GLFW.glfwPollEvents(GLFW.java:3101) ~[lwjgl-glfw-3.2.2.jar%230!/:build 10]
	at com.mojang.blaze3d.systems.RenderSystem.m_69495_(RenderSystem.java:197) ~[client-1.18.2-20220404.173914-srg.jar%2359!/:?]
	at com.mojang.blaze3d.platform.Window.m_85435_(Window.java:333) ~[client-1.18.2-20220404.173914-srg.jar%2359!/:?]
	at net.minecraft.client.Minecraft.m_91383_(Minecraft.java:1068) ~[client-1.18.2-20220404.173914-srg.jar%2359!/:?]
	at net.minecraft.client.Minecraft.m_91374_(Minecraft.java:665) ~[client-1.18.2-20220404.173914-srg.jar%2359!/:?]
	at net.minecraft.client.main.Main.main(Main.java:205) ~[client-1.18.2-20220404.173914-srg.jar%2359!/:?]
	at jdk.internal.reflect.NativeMethodAccessorImpl.invoke0(Native Method) ~[?:?]
	at jdk.internal.reflect.NativeMethodAccessorImpl.invoke(NativeMethodAccessorImpl.java:77) ~[?:?]
	at jdk.internal.reflect.DelegatingMethodAccessorImpl.invoke(DelegatingMethodAccessorImpl.java:43) ~[?:?]
	at java.lang.reflect.Method.invoke(Method.java:569) ~[?:?]
	at net.minecraftforge.fml.loading.targets.CommonClientLaunchHandler.lambda$launchService$0(CommonClientLaunchHandler.java:31) ~[fmlloader-1.18.2-40.3.0.jar%2352!/:?]
	at cpw.mods.modlauncher.LaunchServiceHandlerDecorator.launch(LaunchServiceHandlerDecorator.java:37) [modlauncher-9.1.3.jar%2339!/:?]
	at cpw.mods.modlauncher.LaunchServiceHandler.launch(LaunchServiceHandler.java:53) [modlauncher-9.1.3.jar%2339!/:?]
	at cpw.mods.modlauncher.LaunchServiceHandler.launch(LaunchServiceHandler.java:71) [modlauncher-9.1.3.jar%2339!/:?]
	at cpw.mods.modlauncher.Launcher.run(Launcher.java:106) [modlauncher-9.1.3.jar%2339!/:?]
	at cpw.mods.modlauncher.Launcher.main(Launcher.java:77) [modlauncher-9.1.3.jar%2339!/:?]
	at cpw.mods.modlauncher.BootstrapLaunchConsumer.accept(BootstrapLaunchConsumer.java:26) [modlauncher-9.1.3.jar%2339!/:?]
	at cpw.mods.modlauncher.BootstrapLaunchConsumer.accept(BootstrapLaunchConsumer.java:23) [modlauncher-9.1.3.jar%2339!/:?]
	at cpw.mods.bootstraplauncher.BootstrapLauncher.main(BootstrapLauncher.java:149) [bootstraplauncher-1.0.0.jar:?]
	at jdk.internal.reflect.NativeMethodAccessorImpl.invoke0(Native Method) ~[?:?]
	at jdk.internal.reflect.NativeMethodAccessorImpl.invoke(NativeMethodAccessorImpl.java:77) ~[?:?]
	at jdk.internal.reflect.DelegatingMethodAccessorImpl.invoke(DelegatingMethodAccessorImpl.java:43) ~[?:?]
	at java.lang.reflect.Method.invoke(Method.java:569) ~[?:?]
	at io.github.zekerzhayard.forgewrapper.installer.Main.main(Main.java:67) [ForgeWrapper-prism-2026-08-01.jar:prism-2026-08-01]
	at org.prismlauncher.launcher.impl.StandardLauncher.launch(StandardLauncher.java:115) [NewLaunch.jar:?]
	at org.prismlauncher.EntryPoint.listen(EntryPoint.java:129) [NewLaunch.jar:?]
	at org.prismlauncher.EntryPoint.main(EntryPoint.java:70) [NewLaunch.jar:?]
Caused by: java.lang.RuntimeException: Failed to compile FRAGMENT shader for program composite2.fsh
	at net.coderbot.iris.gl.program.ProgramBuilder.buildShader(ProgramBuilder.java:101) ~[oculus-mc1.18.2-1.6.4.jar%2357!/:?]
	at net.coderbot.iris.gl.program.ProgramBuilder.begin(ProgramBuilder.java:52) ~[oculus-mc1.18.2-1.6.4.jar%2357!/:?]
	at net.coderbot.iris.postprocess.CompositeRenderer.createProgram(CompositeRenderer.java:352) ~[oculus-mc1.18.2-1.6.4.jar%2357!/:?]
	... 47 more
Caused by: java.lang.RuntimeException: Shader compilation failed for composite2.fsh, see log for details
	at net.coderbot.iris.gl.shader.GlShader.createShader(GlShader.java:46) ~[oculus-mc1.18.2-1.6.4.jar%2357!/:?]
	at net.coderbot.iris.gl.shader.GlShader.<init>(GlShader.java:25) ~[oculus-mc1.18.2-1.6.4.jar%2357!/:?]
	at net.coderbot.iris.gl.program.ProgramBuilder.buildShader(ProgramBuilder.java:99) ~[oculus-mc1.18.2-1.6.4.jar%2357!/:?]
	at net.coderbot.iris.gl.program.ProgramBuilder.begin(ProgramBuilder.java:52) ~[oculus-mc1.18.2-1.6.4.jar%2357!/:?]
	at net.coderbot.iris.postprocess.CompositeRenderer.createProgram(CompositeRenderer.java:352) ~[oculus-mc1.18.2-1.6.4.jar%2357!/:?]
	... 47 more
[10Sep2026 22:45:54.744] [Render thread/INFO] [ChunkBuilder/]: Stopping worker threads
[10Sep2026 22:45:54.750] [Render thread/INFO] [ChunkBuilder/]: Started 6 worker threads
[10Sep2026 22:46:01.480] [Server thread/INFO] [net.minecraft.client.server.IntegratedServer/]: Saving and pausing game...
[10Sep2026 22:46:01.488] [Server thread/INFO] [net.minecraft.server.MinecraftServer/]: Saving chunks for level 'ServerLevel[Новый мир]'/minecraft:overworld
[10Sep2026 22:46:01.498] [Server thread/INFO] [net.minecraft.server.MinecraftServer/]: Saving chunks for level 'ServerLevel[Новый мир]'/minecraft:the_nether
[10Sep2026 22:46:01.499] [Server thread/INFO] [net.minecraft.server.MinecraftServer/]: Saving chunks for level 'ServerLevel[Новый мир]'/minecraft:the_end
[10Sep2026 22:46:01.955] [Render thread/INFO] [com.seibel.distanthorizons.core.api.internal.ClientApi/]: Client on ClientOnly mode disconnecting.
[10Sep2026 22:46:01.955] [Render thread/INFO] [DistantHorizons-com.seibel.distanthorizons.core.world.AbstractDhWorld/]: Unloading level overworld
[10Sep2026 22:46:01.955] [Render thread/INFO] [DistantHorizons-com.seibel.distanthorizons.core.level.ClientLevelModule$ClientRenderState/]: Shutting down ClientRenderState
[10Sep2026 22:46:01.956] [Render thread/INFO] [com.seibel.distanthorizons.core.render.renderer.LodRenderer/]: Shutting down LodRenderer...
[10Sep2026 22:46:01.956] [Render thread/INFO] [com.seibel.distanthorizons.core.render.renderer.LodRenderer/]: Queuing Renderer Cleanup for main render thread
[10Sep2026 22:46:01.992] [Render thread/INFO] [com.seibel.distanthorizons.core.render.renderer.LodRenderer/]: Finished shutting down LodRenderer
[10Sep2026 22:46:01.992] [Render thread/INFO] [DistantHorizons-com.seibel.distanthorizons.core.render.LodQuadTree/]: Shutting down LodQuadTree...
[10Sep2026 22:46:02.016] [Render thread/INFO] [DistantHorizons-com.seibel.distanthorizons.core.render.LodQuadTree/]: Finished shutting down LodQuadTree
[10Sep2026 22:46:02.016] [Render thread/INFO] [DistantHorizons-com.seibel.distanthorizons.core.generation.WorldGenerationQueue/]: Closing world gen queue
[10Sep2026 22:46:02.021] [Render thread/INFO] [DistantHorizons-com.seibel.distanthorizons.core.generation.WorldGenerationQueue/]: Closing WorldGenerationQueue...
[10Sep2026 22:46:02.021] [Render thread/INFO] [DistantHorizons-com.seibel.distanthorizons.core.generation.WorldGenerationQueue/]: Awaiting world generator thread pool termination...
[10Sep2026 22:46:05.023] [Render thread/WARN] [DistantHorizons-com.seibel.distanthorizons.core.generation.WorldGenerationQueue/]: World generator thread pool shutdown didn't complete after [3] seconds. Some world generator requests may still be running.
[10Sep2026 22:46:05.023] [Render thread/INFO] [DistantHorizons-com.seibel.distanthorizons.core.generation.BatchGenerator/]: BatchGenerator shutting down...
[10Sep2026 22:46:05.024] [Render thread/INFO] [LodWorldGen/]: BatchGenerationEnvironment shutting down...
[10Sep2026 22:46:05.024] [Render thread/INFO] [LodWorldGen/]: Canceling in progress generation event futures...
[10Sep2026 22:46:05.024] [Render thread/INFO] [LodWorldGen/]: BatchGenerationEnvironment shutdown complete.
[10Sep2026 22:46:05.024] [Render thread/INFO] [DistantHorizons-com.seibel.distanthorizons.core.generation.WorldGenerationQueue/]: Finished closing WorldGenerationQueue
[10Sep2026 22:46:05.226] [Render thread/INFO] [DistantHorizons-com.seibel.distanthorizons.core.file.AbstractDataSourceHandler/]: Closing [GeneratedFullDataSourceProvider] for level: [com.seibel.distanthorizons.core.level.DhClientServerLevel@627ea4bf].
[10Sep2026 22:46:05.227] [Render thread/INFO] [DistantHorizons-com.seibel.distanthorizons.core.file.fullDatafile.FullDataSourceProviderV1/]: Closing [FullDataSourceProviderV1] for level: [com.seibel.distanthorizons.core.level.DhClientServerLevel@627ea4bf].
[10Sep2026 22:46:05.227] [DH-Parent Update Queue [overworld] Thread[0]/INFO] [DistantHorizons-com.seibel.distanthorizons.core.file.fullDatafile.FullDataSourceProviderV2/]: Update thread [DH-Parent Update Queue [overworld] Thread[0]] terminated.
[10Sep2026 22:46:05.227] [Render thread/INFO] [DistantHorizons-com.seibel.distanthorizons.core.level.DhClientServerLevel/]: Closed DhClientServerLevel for Wrapped{ServerLevel[Новый мир]@overworld}
[10Sep2026 22:46:05.228] [Render thread/INFO] [DistantHorizons-com.seibel.distanthorizons.core.world.AbstractDhWorld/]: Unloading level the_end
[10Sep2026 22:46:05.430] [Render thread/INFO] [DistantHorizons-com.seibel.distanthorizons.core.file.AbstractDataSourceHandler/]: Closing [GeneratedFullDataSourceProvider] for level: [com.seibel.distanthorizons.core.level.DhClientServerLevel@27c9335b].
[10Sep2026 22:46:05.430] [Render thread/INFO] [DistantHorizons-com.seibel.distanthorizons.core.file.fullDatafile.FullDataSourceProviderV1/]: Closing [FullDataSourceProviderV1] for level: [com.seibel.distanthorizons.core.level.DhClientServerLevel@27c9335b].
[10Sep2026 22:46:05.430] [Render thread/INFO] [DistantHorizons-com.seibel.distanthorizons.core.level.DhClientServerLevel/]: Closed DhClientServerLevel for Wrapped{ServerLevel[Новый мир]@the_end}
[10Sep2026 22:46:05.430] [Render thread/INFO] [DistantHorizons-com.seibel.distanthorizons.core.world.AbstractDhWorld/]: Unloading level the_nether
[10Sep2026 22:46:05.430] [DH-Parent Update Queue [the_end] Thread[0]/INFO] [DistantHorizons-com.seibel.distanthorizons.core.file.fullDatafile.FullDataSourceProviderV2/]: Update thread [DH-Parent Update Queue [the_end] Thread[0]] terminated.
[10Sep2026 22:46:05.636] [Render thread/INFO] [DistantHorizons-com.seibel.distanthorizons.core.file.AbstractDataSourceHandler/]: Closing [GeneratedFullDataSourceProvider] for level: [com.seibel.distanthorizons.core.level.DhClientServerLevel@392444d0].
[10Sep2026 22:46:05.636] [Render thread/INFO] [DistantHorizons-com.seibel.distanthorizons.core.file.fullDatafile.FullDataSourceProviderV1/]: Closing [FullDataSourceProviderV1] for level: [com.seibel.distanthorizons.core.level.DhClientServerLevel@392444d0].
[10Sep2026 22:46:05.636] [Render thread/INFO] [DistantHorizons-com.seibel.distanthorizons.core.level.DhClientServerLevel/]: Closed DhClientServerLevel for Wrapped{ServerLevel[Новый мир]@the_nether}
[10Sep2026 22:46:05.636] [Render thread/INFO] [DistantHorizons-com.seibel.distanthorizons.core.world.AbstractDhWorld/]: Closed DhWorld of type Client_Server
[10Sep2026 22:46:05.636] [DH-Parent Update Queue [the_nether] Thread[0]/INFO] [DistantHorizons-com.seibel.distanthorizons.core.file.fullDatafile.FullDataSourceProviderV2/]: Update thread [DH-Parent Update Queue [the_nether] Thread[0]] terminated.
[10Sep2026 22:46:05.950] [Render thread/INFO] [DistantHorizons-com.seibel.distanthorizons.forge.ForgeClientProxy/]: level unload
[10Sep2026 22:46:05.950] [Render thread/INFO] [com.seibel.distanthorizons.core.api.internal.ClientApi/]: Unloading client level [Wrapped{ClientLevel@overworld}]-[overworld].
[10Sep2026 22:46:06.014] [Server thread/INFO] [net.minecraft.server.network.ServerGamePacketListenerImpl/]: Zerus lost connection: Отключение
[10Sep2026 22:46:06.015] [Server thread/INFO] [net.minecraft.server.MinecraftServer/]: Zerus покинул игру
[10Sep2026 22:46:06.030] [Server thread/INFO] [net.minecraft.server.network.ServerGamePacketListenerImpl/]: Stopping singleplayer server as player logged out
[10Sep2026 22:46:06.051] [Server thread/INFO] [net.minecraft.server.MinecraftServer/]: Stopping server
[10Sep2026 22:46:06.051] [Server thread/INFO] [net.minecraft.server.MinecraftServer/]: Saving players
[10Sep2026 22:46:06.051] [Server thread/INFO] [net.minecraft.server.MinecraftServer/]: Saving worlds
[10Sep2026 22:46:06.941] [DH-Buffer Uploader Thread[0]/ERROR] [DistantHorizons-com.seibel.distanthorizons.core.dataObjects.render.bufferBuilding.ColumnRenderBufferBuilder/]: LodNodeBufferBuilder was unable to upload buffer: Assertion failed
com.seibel.distanthorizons.core.util.LodUtil$AssertFailureException: Assertion failed
	at com.seibel.distanthorizons.core.util.LodUtil.assertTrue(LodUtil.java:307) ~[DistantHorizons-2.1.2-a-1.18.2-forge-fabric.jar%2355!/:?]
	at com.seibel.distanthorizons.core.dataObjects.render.bufferBuilding.ColumnRenderBufferBuilder.lambda$buildAndUploadBuffersAsync$2(ColumnRenderBufferBuilder.java:138) ~[DistantHorizons-2.1.2-a-1.18.2-forge-fabric.jar%2355!/:?]
	at java.util.concurrent.CompletableFuture$UniApply.tryFire(CompletableFuture.java:646) [?:?]
	at java.util.concurrent.CompletableFuture$Completion.run(CompletableFuture.java:482) [?:?]
	at java.util.concurrent.ThreadPoolExecutor.runWorker(ThreadPoolExecutor.java:1136) [?:?]
	at java.util.concurrent.ThreadPoolExecutor$Worker.run(ThreadPoolExecutor.java:635) [?:?]
	at java.lang.Thread.run(Thread.java:840) [?:?]
[10Sep2026 22:46:07.658] [Server thread/INFO] [net.minecraft.server.MinecraftServer/]: Saving chunks for level 'ServerLevel[Новый мир]'/minecraft:overworld
[10Sep2026 22:46:07.738] [Server thread/INFO] [net.minecraft.server.MinecraftServer/]: Saving chunks for level 'ServerLevel[Новый мир]'/minecraft:the_nether
[10Sep2026 22:46:07.739] [Server thread/INFO] [net.minecraft.server.MinecraftServer/]: Saving chunks for level 'ServerLevel[Новый мир]'/minecraft:the_end
[10Sep2026 22:46:07.802] [Server thread/INFO] [net.minecraft.server.MinecraftServer/]: ThreadedAnvilChunkStorage (Новый мир (1)): All chunks are saved
[10Sep2026 22:46:07.803] [Server thread/INFO] [net.minecraft.server.MinecraftServer/]: ThreadedAnvilChunkStorage (DIM-1): All chunks are saved
[10Sep2026 22:46:07.803] [Server thread/INFO] [net.minecraft.server.MinecraftServer/]: ThreadedAnvilChunkStorage (DIM1): All chunks are saved
[10Sep2026 22:46:07.803] [Server thread/INFO] [net.minecraft.server.MinecraftServer/]: ThreadedAnvilChunkStorage: All dimensions are saved
[10Sep2026 22:46:07.806] [Server thread/INFO] [DistantHorizons-com.seibel.distanthorizons.forge.ForgeClientProxy/]: level unload
[10Sep2026 22:46:07.850] [Server thread/INFO] [DistantHorizons-com.seibel.distanthorizons.forge.ForgeClientProxy/]: level unload
[10Sep2026 22:46:07.851] [Server thread/INFO] [DistantHorizons-com.seibel.distanthorizons.forge.ForgeClientProxy/]: level unload
[10Sep2026 22:46:08.242] [Render thread/INFO] [ChunkBuilder/]: Stopping worker threads
[10Sep2026 22:46:08.283] [Thread-32/INFO] [com.mojang.blaze3d.platform.GlDebug/]: OpenGL debug message: id=1282, source=API, type=ERROR, severity=HIGH, message='GL_INVALID_OPERATION error generated. Cannot modify immutable buffer.'
[10Sep2026 22:46:08.283] [Thread-32/INFO] [com.mojang.blaze3d.platform.GlDebug/]: OpenGL debug message: id=1282, source=API, type=ERROR, severity=HIGH, message='GL_INVALID_OPERATION error generated. Cannot modify immutable buffer.'
[10Sep2026 22:46:08.283] [Thread-32/INFO] [com.mojang.blaze3d.platform.GlDebug/]: OpenGL debug message: id=1282, source=API, type=ERROR, severity=HIGH, message='GL_INVALID_OPERATION error generated. Cannot modify immutable buffer.'
[10Sep2026 22:46:08.283] [Thread-32/INFO] [com.mojang.blaze3d.platform.GlDebug/]: OpenGL debug message: id=1282, source=API, type=ERROR, severity=HIGH, message='GL_INVALID_OPERATION error generated. Cannot modify immutable buffer.'
[10Sep2026 22:46:08.284] [Thread-32/INFO] [com.mojang.blaze3d.platform.GlDebug/]: OpenGL debug message: id=1282, source=API, type=ERROR, severity=HIGH, message='GL_INVALID_OPERATION error generated. Cannot modify immutable buffer.'
[10Sep2026 22:46:08.284] [Thread-32/INFO] [com.mojang.blaze3d.platform.GlDebug/]: OpenGL debug message: id=1282, source=API, type=ERROR, severity=HIGH, message='GL_INVALID_OPERATION error generated. Cannot modify immutable buffer.'
[10Sep2026 22:46:08.284] [Thread-32/INFO] [com.mojang.blaze3d.platform.GlDebug/]: OpenGL debug message: id=1282, source=API, type=ERROR, severity=HIGH, message='GL_INVALID_OPERATION error generated. Cannot modify immutable buffer.'
[10Sep2026 22:46:08.284] [Thread-32/INFO] [com.mojang.blaze3d.platform.GlDebug/]: OpenGL debug message: id=1282, source=API, type=ERROR, severity=HIGH, message='GL_INVALID_OPERATION error generated. Cannot modify immutable buffer.'
[10Sep2026 22:46:08.285] [Thread-32/INFO] [com.mojang.blaze3d.platform.GlDebug/]: OpenGL debug message: id=1282, source=API, type=ERROR, severity=HIGH, message='GL_INVALID_OPERATION error generated. Cannot modify immutable buffer.'
[10Sep2026 22:46:08.286] [Thread-32/INFO] [com.mojang.blaze3d.platform.GlDebug/]: OpenGL debug message: id=1282, source=API, type=ERROR, severity=HIGH, message='GL_INVALID_OPERATION error generated. Cannot modify immutable buffer.'
[10Sep2026 22:46:08.286] [Thread-32/INFO] [com.mojang.blaze3d.platform.GlDebug/]: OpenGL debug message: id=1282, source=API, type=ERROR, severity=HIGH, message='GL_INVALID_OPERATION error generated. Cannot modify immutable buffer.'
[10Sep2026 22:46:08.286] [Thread-32/INFO] [com.mojang.blaze3d.platform.GlDebug/]: OpenGL debug message: id=1282, source=API, type=ERROR, severity=HIGH, message='GL_INVALID_OPERATION error generated. Cannot modify immutable buffer.'
[10Sep2026 22:46:08.286] [Thread-32/INFO] [com.mojang.blaze3d.platform.GlDebug/]: OpenGL debug message: id=1282, source=API, type=ERROR, severity=HIGH, message='GL_INVALID_OPERATION error generated. Cannot modify immutable buffer.'
[10Sep2026 22:46:08.286] [Thread-32/INFO] [com.mojang.blaze3d.platform.GlDebug/]: OpenGL debug message: id=1282, source=API, type=ERROR, severity=HIGH, message='GL_INVALID_OPERATION error generated. Cannot modify immutable buffer.'
[10Sep2026 22:46:08.286] [Thread-32/INFO] [com.mojang.blaze3d.platform.GlDebug/]: OpenGL debug message: id=1282, source=API, type=ERROR, severity=HIGH, message='GL_INVALID_OPERATION error generated. Cannot modify immutable buffer.'
[10Sep2026 22:46:08.287] [Thread-32/INFO] [com.mojang.blaze3d.platform.GlDebug/]: OpenGL debug message: id=1282, source=API, type=ERROR, severity=HIGH, message='GL_INVALID_OPERATION error generated. Cannot modify immutable buffer.'
[10Sep2026 22:46:08.287] [Thread-32/INFO] [com.mojang.blaze3d.platform.GlDebug/]: OpenGL debug message: id=1282, source=API, type=ERROR, severity=HIGH, message='GL_INVALID_OPERATION error generated. Cannot modify immutable buffer.'
[10Sep2026 22:46:08.287] [Thread-32/INFO] [com.mojang.blaze3d.platform.GlDebug/]: OpenGL debug message: id=1282, source=API, type=ERROR, severity=HIGH, message='GL_INVALID_OPERATION error generated. Cannot modify immutable buffer.'
[10Sep2026 22:46:08.287] [Thread-32/INFO] [com.mojang.blaze3d.platform.GlDebug/]: OpenGL debug message: id=1282, source=API, type=ERROR, severity=HIGH, message='GL_INVALID_OPERATION error generated. Cannot modify immutable buffer.'
[10Sep2026 22:46:08.287] [Thread-32/INFO] [com.mojang.blaze3d.platform.GlDebug/]: OpenGL debug message: id=1282, source=API, type=ERROR, severity=HIGH, message='GL_INVALID_OPERATION error generated. Cannot modify immutable buffer.'
[10Sep2026 22:46:08.287] [Thread-32/INFO] [com.mojang.blaze3d.platform.GlDebug/]: OpenGL debug message: id=1282, source=API, type=ERROR, severity=HIGH, message='GL_INVALID_OPERATION error generated. Cannot modify immutable buffer.'
[10Sep2026 22:46:08.287] [Thread-32/INFO] [com.mojang.blaze3d.platform.GlDebug/]: OpenGL debug message: id=1282, source=API, type=ERROR, severity=HIGH, message='GL_INVALID_OPERATION error generated. Cannot modify immutable buffer.'
[10Sep2026 22:46:08.287] [Thread-32/INFO] [com.mojang.blaze3d.platform.GlDebug/]: OpenGL debug message: id=1282, source=API, type=ERROR, severity=HIGH, message='GL_INVALID_OPERATION error generated. Cannot modify immutable buffer.'
[10Sep2026 22:46:08.287] [Thread-32/INFO] [com.mojang.blaze3d.platform.GlDebug/]: OpenGL debug message: id=1282, source=API, type=ERROR, severity=HIGH, message='GL_INVALID_OPERATION error generated. Cannot modify immutable buffer.'
[10Sep2026 22:46:08.302] [Thread-32/INFO] [com.mojang.blaze3d.platform.GlDebug/]: OpenGL debug message: id=1282, source=API, type=ERROR, severity=HIGH, message='GL_INVALID_OPERATION error generated. Cannot modify immutable buffer.'
[10Sep2026 22:46:08.302] [Thread-32/INFO] [com.mojang.blaze3d.platform.GlDebug/]: OpenGL debug message: id=1282, source=API, type=ERROR, severity=HIGH, message='GL_INVALID_OPERATION error generated. Cannot modify immutable buffer.'
[10Sep2026 22:46:08.302] [Thread-32/INFO] [com.mojang.blaze3d.platform.GlDebug/]: OpenGL debug message: id=1282, source=API, type=ERROR, severity=HIGH, message='GL_INVALID_OPERATION error generated. Cannot modify immutable buffer.'
[10Sep2026 22:46:08.302] [Thread-32/INFO] [com.mojang.blaze3d.platform.GlDebug/]: OpenGL debug message: id=1282, source=API, type=ERROR, severity=HIGH, message='GL_INVALID_OPERATION error generated. Cannot modify immutable buffer.'
[10Sep2026 22:46:08.302] [Thread-32/INFO] [com.mojang.blaze3d.platform.GlDebug/]: OpenGL debug message: id=1282, source=API, type=ERROR, severity=HIGH, message='GL_INVALID_OPERATION error generated. Cannot modify immutable buffer.'
[10Sep2026 22:46:08.302] [Thread-32/INFO] [com.mojang.blaze3d.platform.GlDebug/]: OpenGL debug message: id=1282, source=API, type=ERROR, severity=HIGH, message='GL_INVALID_OPERATION error generated. Cannot modify immutable buffer.'
[10Sep2026 22:46:08.303] [Thread-32/INFO] [com.mojang.blaze3d.platform.GlDebug/]: OpenGL debug message: id=1282, source=API, type=ERROR, severity=HIGH, message='GL_INVALID_OPERATION error generated. Cannot modify immutable buffer.'
[10Sep2026 22:46:08.303] [Thread-32/INFO] [com.mojang.blaze3d.platform.GlDebug/]: OpenGL debug message: id=1282, source=API, type=ERROR, severity=HIGH, message='GL_INVALID_OPERATION error generated. Cannot modify immutable buffer.'
[10Sep2026 22:46:08.303] [Thread-32/INFO] [com.mojang.blaze3d.platform.GlDebug/]: OpenGL debug message: id=1282, source=API, type=ERROR, severity=HIGH, message='GL_INVALID_OPERATION error generated. Cannot modify immutable buffer.'
[10Sep2026 22:46:08.303] [Thread-32/INFO] [com.mojang.blaze3d.platform.GlDebug/]: OpenGL debug message: id=1282, source=API, type=ERROR, severity=HIGH, message='GL_INVALID_OPERATION error generated. Cannot modify immutable buffer.'
[10Sep2026 22:46:08.303] [Thread-32/INFO] [com.mojang.blaze3d.platform.GlDebug/]: OpenGL debug message: id=1282, source=API, type=ERROR, severity=HIGH, message='GL_INVALID_OPERATION error generated. Cannot modify immutable buffer.'
[10Sep2026 22:46:08.303] [Thread-32/INFO] [com.mojang.blaze3d.platform.GlDebug/]: OpenGL debug message: id=1282, source=API, type=ERROR, severity=HIGH, message='GL_INVALID_OPERATION error generated. Cannot modify immutable buffer.'
[10Sep2026 22:46:08.303] [Thread-32/INFO] [com.mojang.blaze3d.platform.GlDebug/]: OpenGL debug message: id=1282, source=API, type=ERROR, severity=HIGH, message='GL_INVALID_OPERATION error generated. Cannot modify immutable buffer.'
[10Sep2026 22:46:08.303] [Thread-32/INFO] [com.mojang.blaze3d.platform.GlDebug/]: OpenGL debug message: id=1282, source=API, type=ERROR, severity=HIGH, message='GL_INVALID_OPERATION error generated. Cannot modify immutable buffer.'
[10Sep2026 22:46:08.303] [Thread-32/INFO] [com.mojang.blaze3d.platform.GlDebug/]: OpenGL debug message: id=1282, source=API, type=ERROR, severity=HIGH, message='GL_INVALID_OPERATION error generated. Cannot modify immutable buffer.'
[10Sep2026 22:46:08.303] [Thread-32/INFO] [com.mojang.blaze3d.platform.GlDebug/]: OpenGL debug message: id=1282, source=API, type=ERROR, severity=HIGH, message='GL_INVALID_OPERATION error generated. Cannot modify immutable buffer.'
[10Sep2026 22:46:08.303] [Thread-32/INFO] [com.mojang.blaze3d.platform.GlDebug/]: OpenGL debug message: id=1282, source=API, type=ERROR, severity=HIGH, message='GL_INVALID_OPERATION error generated. Cannot modify immutable buffer.'
[10Sep2026 22:46:08.303] [Thread-32/INFO] [com.mojang.blaze3d.platform.GlDebug/]: OpenGL debug message: id=1282, source=API, type=ERROR, severity=HIGH, message='GL_INVALID_OPERATION error generated. Cannot modify immutable buffer.'
[10Sep2026 22:46:08.303] [Thread-32/INFO] [com.mojang.blaze3d.platform.GlDebug/]: OpenGL debug message: id=1282, source=API, type=ERROR, severity=HIGH, message='GL_INVALID_OPERATION error generated. Cannot modify immutable buffer.'
[10Sep2026 22:46:08.303] [Thread-32/INFO] [com.mojang.blaze3d.platform.GlDebug/]: OpenGL debug message: id=1282, source=API, type=ERROR, severity=HIGH, message='GL_INVALID_OPERATION error generated. Cannot modify immutable buffer.'
[10Sep2026 22:46:08.303] [Thread-32/INFO] [com.mojang.blaze3d.platform.GlDebug/]: OpenGL debug message: id=1282, source=API, type=ERROR, severity=HIGH, message='GL_INVALID_OPERATION error generated. Cannot modify immutable buffer.'
[10Sep2026 22:46:08.303] [Thread-32/INFO] [com.mojang.blaze3d.platform.GlDebug/]: OpenGL debug message: id=1282, source=API, type=ERROR, severity=HIGH, message='GL_INVALID_OPERATION error generated. Cannot modify immutable buffer.'
[10Sep2026 22:46:08.303] [Thread-32/INFO] [com.mojang.blaze3d.platform.GlDebug/]: OpenGL debug message: id=1282, source=API, type=ERROR, severity=HIGH, message='GL_INVALID_OPERATION error generated. Cannot modify immutable buffer.'
[10Sep2026 22:46:08.303] [Thread-32/INFO] [com.mojang.blaze3d.platform.GlDebug/]: OpenGL debug message: id=1282, source=API, type=ERROR, severity=HIGH, message='GL_INVALID_OPERATION error generated. Cannot modify immutable buffer.'
[10Sep2026 22:46:08.312] [Thread-32/INFO] [com.mojang.blaze3d.platform.GlDebug/]: OpenGL debug message: id=1282, source=API, type=ERROR, severity=HIGH, message='GL_INVALID_OPERATION error generated. Cannot modify immutable buffer.'
[10Sep2026 22:46:08.313] [Thread-32/INFO] [com.mojang.blaze3d.platform.GlDebug/]: OpenGL debug message: id=1282, source=API, type=ERROR, severity=HIGH, message='GL_INVALID_OPERATION error generated. Cannot modify immutable buffer.'
[10Sep2026 22:46:08.313] [Thread-32/INFO] [com.mojang.blaze3d.platform.GlDebug/]: OpenGL debug message: id=1282, source=API, type=ERROR, severity=HIGH, message='GL_INVALID_OPERATION error generated. Cannot modify immutable buffer.'
[10Sep2026 22:46:08.313] [Thread-32/INFO] [com.mojang.blaze3d.platform.GlDebug/]: OpenGL debug message: id=1282, source=API, type=ERROR, severity=HIGH, message='GL_INVALID_OPERATION error generated. Cannot modify immutable buffer.'
[10Sep2026 22:46:08.313] [Thread-32/INFO] [com.mojang.blaze3d.platform.GlDebug/]: OpenGL debug message: id=1282, source=API, type=ERROR, severity=HIGH, message='GL_INVALID_OPERATION error generated. Cannot modify immutable buffer.'
[10Sep2026 22:46:08.313] [Thread-32/INFO] [com.mojang.blaze3d.platform.GlDebug/]: OpenGL debug message: id=1282, source=API, type=ERROR, severity=HIGH, message='GL_INVALID_OPERATION error generated. Cannot modify immutable buffer.'
[10Sep2026 22:46:08.313] [Thread-32/INFO] [com.mojang.blaze3d.platform.GlDebug/]: OpenGL debug message: id=1282, source=API, type=ERROR, severity=HIGH, message='GL_INVALID_OPERATION error generated. Cannot modify immutable buffer.'
[10Sep2026 22:46:08.313] [Thread-32/INFO] [com.mojang.blaze3d.platform.GlDebug/]: OpenGL debug message: id=1282, source=API, type=ERROR, severity=HIGH, message='GL_INVALID_OPERATION error generated. Cannot modify immutable buffer.'
[10Sep2026 22:46:08.313] [Thread-32/INFO] [com.mojang.blaze3d.platform.GlDebug/]: OpenGL debug message: id=1282, source=API, type=ERROR, severity=HIGH, message='GL_INVALID_OPERATION error generated. Cannot modify immutable buffer.'
[10Sep2026 22:46:08.313] [Thread-32/INFO] [com.mojang.blaze3d.platform.GlDebug/]: OpenGL debug message: id=1282, source=API, type=ERROR, severity=HIGH, message='GL_INVALID_OPERATION error generated. Cannot modify immutable buffer.'
[10Sep2026 22:46:08.313] [Thread-32/INFO] [com.mojang.blaze3d.platform.GlDebug/]: OpenGL debug message: id=1282, source=API, type=ERROR, severity=HIGH, message='GL_INVALID_OPERATION error generated. Cannot modify immutable buffer.'
[10Sep2026 22:46:08.313] [Thread-32/INFO] [com.mojang.blaze3d.platform.GlDebug/]: OpenGL debug message: id=1282, source=API, type=ERROR, severity=HIGH, message='GL_INVALID_OPERATION error generated. Cannot modify immutable buffer.'
[10Sep2026 22:46:08.313] [Thread-32/INFO] [com.mojang.blaze3d.platform.GlDebug/]: OpenGL debug message: id=1282, source=API, type=ERROR, severity=HIGH, message='GL_INVALID_OPERATION error generated. Cannot modify immutable buffer.'
[10Sep2026 22:46:08.313] [Thread-32/INFO] [com.mojang.blaze3d.platform.GlDebug/]: OpenGL debug message: id=1282, source=API, type=ERROR, severity=HIGH, message='GL_INVALID_OPERATION error generated. Cannot modify immutable buffer.'
[10Sep2026 22:46:08.313] [Thread-32/INFO] [com.mojang.blaze3d.platform.GlDebug/]: OpenGL debug message: id=1282, source=API, type=ERROR, severity=HIGH, message='GL_INVALID_OPERATION error generated. Cannot modify immutable buffer.'
[10Sep2026 22:46:08.313] [Thread-32/INFO] [com.mojang.blaze3d.platform.GlDebug/]: OpenGL debug message: id=1282, source=API, type=ERROR, severity=HIGH, message='GL_INVALID_OPERATION error generated. Cannot modify immutable buffer.'
[10Sep2026 22:46:08.313] [Thread-32/INFO] [com.mojang.blaze3d.platform.GlDebug/]: OpenGL debug message: id=1282, source=API, type=ERROR, severity=HIGH, message='GL_INVALID_OPERATION error generated. Cannot modify immutable buffer.'
[10Sep2026 22:46:08.313] [Thread-32/INFO] [com.mojang.blaze3d.platform.GlDebug/]: OpenGL debug message: id=1282, source=API, type=ERROR, severity=HIGH, message='GL_INVALID_OPERATION error generated. Cannot modify immutable buffer.'
[10Sep2026 22:46:08.313] [Thread-32/INFO] [com.mojang.blaze3d.platform.GlDebug/]: OpenGL debug message: id=1282, source=API, type=ERROR, severity=HIGH, message='GL_INVALID_OPERATION error generated. Cannot modify immutable buffer.'
[10Sep2026 22:46:08.313] [Thread-32/INFO] [com.mojang.blaze3d.platform.GlDebug/]: OpenGL debug message: id=1282, source=API, type=ERROR, severity=HIGH, message='GL_INVALID_OPERATION error generated. Cannot modify immutable buffer.'
[10Sep2026 22:46:08.313] [Thread-32/INFO] [com.mojang.blaze3d.platform.GlDebug/]: OpenGL debug message: id=1282, source=API, type=ERROR, severity=HIGH, message='GL_INVALID_OPERATION error generated. Cannot modify immutable buffer.'
[10Sep2026 22:46:08.314] [Thread-32/INFO] [com.mojang.blaze3d.platform.GlDebug/]: OpenGL debug message: id=1282, source=API, type=ERROR, severity=HIGH, message='GL_INVALID_OPERATION error generated. Cannot modify immutable buffer.'
[10Sep2026 22:46:08.314] [Thread-32/INFO] [com.mojang.blaze3d.platform.GlDebug/]: OpenGL debug message: id=1282, source=API, type=ERROR, severity=HIGH, message='GL_INVALID_OPERATION error generated. Cannot modify immutable buffer.'
[10Sep2026 22:46:08.314] [Thread-32/INFO] [com.mojang.blaze3d.platform.GlDebug/]: OpenGL debug message: id=1282, source=API, type=ERROR, severity=HIGH, message='GL_INVALID_OPERATION error generated. Cannot modify immutable buffer.'
[10Sep2026 22:46:08.330] [Thread-32/INFO] [com.mojang.blaze3d.platform.GlDebug/]: OpenGL debug message: id=1282, source=API, type=ERROR, severity=HIGH, message='GL_INVALID_OPERATION error generated. Cannot modify immutable buffer.'
[10Sep2026 22:46:08.330] [Thread-32/INFO] [com.mojang.blaze3d.platform.GlDebug/]: OpenGL debug message: id=1282, source=API, type=ERROR, severity=HIGH, message='GL_INVALID_OPERATION error generated. Cannot modify immutable buffer.'
[10Sep2026 22:46:08.330] [Thread-32/INFO] [com.mojang.blaze3d.platform.GlDebug/]: OpenGL debug message: id=1282, source=API, type=ERROR, severity=HIGH, message='GL_INVALID_OPERATION error generated. Cannot modify immutable buffer.'
[10Sep2026 22:46:08.330] [Thread-32/INFO] [com.mojang.blaze3d.platform.GlDebug/]: OpenGL debug message: id=1282, source=API, type=ERROR, severity=HIGH, message='GL_INVALID_OPERATION error generated. Cannot modify immutable buffer.'
[10Sep2026 22:46:08.330] [Thread-32/INFO] [com.mojang.blaze3d.platform.GlDebug/]: OpenGL debug message: id=1282, source=API, type=ERROR, severity=HIGH, message='GL_INVALID_OPERATION error generated. Cannot modify immutable buffer.'
[10Sep2026 22:46:08.330] [Thread-32/INFO] [com.mojang.blaze3d.platform.GlDebug/]: OpenGL debug message: id=1282, source=API, type=ERROR, severity=HIGH, message='GL_INVALID_OPERATION error generated. Cannot modify immutable buffer.'
[10Sep2026 22:46:08.330] [Thread-32/INFO] [com.mojang.blaze3d.platform.GlDebug/]: OpenGL debug message: id=1282, source=API, type=ERROR, severity=HIGH, message='GL_INVALID_OPERATION error generated. Cannot modify immutable buffer.'
[10Sep2026 22:46:08.330] [Thread-32/INFO] [com.mojang.blaze3d.platform.GlDebug/]: OpenGL debug message: id=1282, source=API, type=ERROR, severity=HIGH, message='GL_INVALID_OPERATION error generated. Cannot modify immutable buffer.'
[10Sep2026 22:46:08.330] [Thread-32/INFO] [com.mojang.blaze3d.platform.GlDebug/]: OpenGL debug message: id=1282, source=API, type=ERROR, severity=HIGH, message='GL_INVALID_OPERATION error generated. Cannot modify immutable buffer.'
[10Sep2026 22:46:08.330] [Thread-32/INFO] [com.mojang.blaze3d.platform.GlDebug/]: OpenGL debug message: id=1282, source=API, type=ERROR, severity=HIGH, message='GL_INVALID_OPERATION error generated. Cannot modify immutable buffer.'
[10Sep2026 22:46:08.330] [Thread-32/INFO] [com.mojang.blaze3d.platform.GlDebug/]: OpenGL debug message: id=1282, source=API, type=ERROR, severity=HIGH, message='GL_INVALID_OPERATION error generated. Cannot modify immutable buffer.'
[10Sep2026 22:46:08.330] [Thread-32/INFO] [com.mojang.blaze3d.platform.GlDebug/]: OpenGL debug message: id=1282, source=API, type=ERROR, severity=HIGH, message='GL_INVALID_OPERATION error generated. Cannot modify immutable buffer.'
[10Sep2026 22:46:08.331] [Thread-32/INFO] [com.mojang.blaze3d.platform.GlDebug/]: OpenGL debug message: id=1282, source=API, type=ERROR, severity=HIGH, message='GL_INVALID_OPERATION error generated. Cannot modify immutable buffer.'
[10Sep2026 22:46:08.331] [Thread-32/INFO] [com.mojang.blaze3d.platform.GlDebug/]: OpenGL debug message: id=1282, source=API, type=ERROR, severity=HIGH, message='GL_INVALID_OPERATION error generated. Cannot modify immutable buffer.'
[10Sep2026 22:46:08.331] [Thread-32/INFO] [com.mojang.blaze3d.platform.GlDebug/]: OpenGL debug message: id=1282, source=API, type=ERROR, severity=HIGH, message='GL_INVALID_OPERATION error generated. Cannot modify immutable buffer.'
[10Sep2026 22:46:08.331] [Thread-32/INFO] [com.mojang.blaze3d.platform.GlDebug/]: OpenGL debug message: id=1282, source=API, type=ERROR, severity=HIGH, message='GL_INVALID_OPERATION error generated. Cannot modify immutable buffer.'
[10Sep2026 22:46:08.331] [Thread-32/INFO] [com.mojang.blaze3d.platform.GlDebug/]: OpenGL debug message: id=1282, source=API, type=ERROR, severity=HIGH, message='GL_INVALID_OPERATION error generated. Cannot modify immutable buffer.'
[10Sep2026 22:46:08.331] [Thread-32/INFO] [com.mojang.blaze3d.platform.GlDebug/]: OpenGL debug message: id=1282, source=API, type=ERROR, severity=HIGH, message='GL_INVALID_OPERATION error generated. Cannot modify immutable buffer.'
[10Sep2026 22:46:08.331] [Thread-32/INFO] [com.mojang.blaze3d.platform.GlDebug/]: OpenGL debug message: id=1282, source=API, type=ERROR, severity=HIGH, message='GL_INVALID_OPERATION error generated. Cannot modify immutable buffer.'
[10Sep2026 22:46:08.331] [Thread-32/INFO] [com.mojang.blaze3d.platform.GlDebug/]: OpenGL debug message: id=1282, source=API, type=ERROR, severity=HIGH, message='GL_INVALID_OPERATION error generated. Cannot modify immutable buffer.'
[10Sep2026 22:46:08.331] [Thread-32/INFO] [com.mojang.blaze3d.platform.GlDebug/]: OpenGL debug message: id=1282, source=API, type=ERROR, severity=HIGH, message='GL_INVALID_OPERATION error generated. Cannot modify immutable buffer.'
[10Sep2026 22:46:08.331] [Thread-32/INFO] [com.mojang.blaze3d.platform.GlDebug/]: OpenGL debug message: id=1282, source=API, type=ERROR, severity=HIGH, message='GL_INVALID_OPERATION error generated. Cannot modify immutable buffer.'
[10Sep2026 22:46:08.331] [Thread-32/INFO] [com.mojang.blaze3d.platform.GlDebug/]: OpenGL debug message: id=1282, source=API, type=ERROR, severity=HIGH, message='GL_INVALID_OPERATION error generated. Cannot modify immutable buffer.'
[10Sep2026 22:46:08.331] [Thread-32/INFO] [com.mojang.blaze3d.platform.GlDebug/]: OpenGL debug message: id=1282, source=API, type=ERROR, severity=HIGH, message='GL_INVALID_OPERATION error generated. Cannot modify immutable buffer.'
